data,cidade,confirmados,obitos,recuperados,novos_casos,novos_obitos
2020-03-31,João Pessoa,12,0,0,0,0
2020-03-31,Campina Grande,2,0,0,0,0
2020-03-31,Sousa,1,0,0,0,0
2020-03-31,Igaracy,1,0,0,0,0
2020-03-31,Patos,1,1,0,0,1
2020-03-31,Paraíba,17,1,0,0,1
2020-04-01,João Pessoa,14,0,0,2,0
2020-04-01,Campina Grande,2,0,0,0,0
2020-04-01,Sousa,1,0,0,0,0
2020-04-01,Igaracy,1,0,0,0,0
2020-04-01,Patos,1,1,0,0,0
2020-04-01,Cabedelo,1,0,0,0,0
2020-04-01,Paraíba,20,1,0,3,0
2020-04-02,João Pessoa,22,0,0,8,0
2020-04-02,Campina Grande,2,0,0,0,0
2020-04-02,Sousa,1,0,0,0,0
2020-04-02,Igaracy,1,0,0,0,0
2020-04-02,Patos,1,1,0,0,1
2020-04-02,Cabedelo,1,0,0,0,0
2020-04-02,Paraíba,28,1,0,8,1
2020-04-03,João Pessoa,24,0,0,2,0
2020-04-03,Campina Grande,2,0,0,0,0
2020-04-03,Sousa,1,0,0,0,0
2020-04-03,Igaracy,1,0,0,0,0
2020-04-03,Patos,1,1,0,0,0
2020-04-03,Cabedelo,1,0,0,0,0
2020-04-03,Paraíba,30,1,0,2,0
2020-04-04,João Pessoa,26,1,0,2,1
2020-04-04,Campina Grande,2,0,0,0,0
2020-04-04,Sousa,1,0,0,0,0
2020-04-04,Igaracy,1,0,0,0,0
2020-04-04,Patos,1,1,0,0,1
2020-04-04,Cabedelo,1,0,0,0,0
2020-04-04,Serra Branca,1,0,0,0,0
2020-04-04,Junco do Seridó,1,1,0,0,1
2020-04-04,Paraíba,34,3,9,4,2
2020-04-05,João Pessoa,26,2,0,0,1
2020-04-05,Campina Grande,3,0,0,1,0
2020-04-05,Sousa,1,0,0,0,0
2020-04-05,Igaracy,1,0,0,0,0
2020-04-05,Patos,1,1,0,0,0
2020-04-05,Cabedelo,1,0,0,0,0
2020-04-05,Serra Branca,1,0,0,0,0
2020-04-05,Junco do Seridó,1,1,0,0,0
2020-04-05,Paraíba,35,4,9,1,1
2020-04-06,João Pessoa,27,2,0,1,0
2020-04-06,Campina Grande,3,0,0,0,0
2020-04-06,Sousa,1,0,0,0,0
2020-04-06,Igaracy,1,0,0,0,0
2020-04-06,Patos,1,1,0,0,0
2020-04-06,Cabedelo,1,0,0,0,0
2020-04-06,Serra Branca,1,0,0,0,0
2020-04-06,Junco do Seridó,1,1,0,0,0
2020-04-06,Paraíba,36,4,11,1,0
2020-04-07,João Pessoa,30,2,0,3,0
2020-04-07,Campina Grande,3,0,0,0,0
2020-04-07,Santa Rita,2,0,0,0,0
2020-04-07,Sousa,1,0,0,0,0
2020-04-07,Igaracy,1,0,0,0,0
2020-04-07,Patos,1,1,0,0,0
2020-04-07,Cabedelo,1,0,0,0,0
2020-04-07,Serra Branca,1,0,0,0,0
2020-04-07,Junco do Seridó,1,1,0,0,0
2020-04-07,Paraíba,41,4,11,5,0
2020-04-08,João Pessoa,40,4,0,10,2
2020-04-08,Campina Grande,3,0,0,0,0
2020-04-08,Santa Rita,4,0,0,2,0
2020-04-08,Sousa,1,0,0,0,0
2020-04-08,Igaracy,1,0,0,0,0
2020-04-08,Patos,1,1,0,0,0
2020-04-08,Cabedelo,2,1,0,1,1
2020-04-08,Serra Branca,1,0,0,0,0
2020-04-08,Junco do Seridó,1,1,0,0,0
2020-04-08,Bayeux,1,0,0,0,0
2020-04-08,Paraíba,55,7,14,14,3
2020-04-09,João Pessoa,58,7,0,18,3
2020-04-09,Campina Grande,3,0,0,0,0
2020-04-09,Santa Rita,5,0,0,1,0
2020-04-09,Sousa,1,0,0,0,0
2020-04-09,Igaracy,1,0,0,0,0
2020-04-09,Patos,4,1,0,3,0
2020-04-09,Cabedelo,4,2,0,2,1
2020-04-09,Serra Branca,1,0,0,0,0
2020-04-09,Junco do Seridó,1,1,0,0,0
2020-04-09,Bayeux,1,0,0,0,0
2020-04-09,Paraíba,79,11,22,24,4
2020-04-10,João Pessoa,64,7,0,6,0
2020-04-10,Campina Grande,3,0,0,0,0
2020-04-10,Santa Rita,6,0,0,1,0
2020-04-10,Sousa,1,0,0,0,0
2020-04-10,Igaracy,1,0,0,0,0
2020-04-10,Patos,4,1,0,0,0
2020-04-10,Cabedelo,4,2,0,0,0
2020-04-10,Serra Branca,1,0,0,0,0
2020-04-10,Junco do Seridó,1,1,0,0,0
2020-04-10,Bayeux,1,0,0,0,0
2020-04-10,Paraíba,86,11,30,7,0
2020-04-11,João Pessoa,78,8,0,14,1
2020-04-11,Campina Grande,3,0,0,0,0
2020-04-11,Santa Rita,7,0,0,1,0
2020-04-11,Sousa,1,0,0,0,0
2020-04-11,Igaracy,1,0,0,0,0
2020-04-11,Patos,4,1,0,0,0
2020-04-11,Cabedelo,4,2,0,0,0
2020-04-11,Serra Branca,1,0,0,0,0
2020-04-11,Junco do Seridó,1,1,0,0,0
2020-04-11,Bayeux,1,1,0,0,1
2020-04-11,Paraíba,101,13,43,15,2
2020-04-12,João Pessoa,86,8,0,8,0
2020-04-12,Campina Grande,3,0,0,0,0
2020-04-12,Santa Rita,7,0,0,0,0
2020-04-12,Sousa,1,0,0,0,0
2020-04-12,Igaracy,1,0,0,0,0
2020-04-12,Patos,4,1,0,0,0
2020-04-12,Cabedelo,4,2,0,0,0
2020-04-12,Serra Branca,1,0,0,0,0
2020-04-12,Junco do Seridó,3,1,0,2,0
2020-04-12,Bayeux,1,1,0,0,0
2020-04-12,Paraíba,111,13,43,10,0
2020-04-13,João Pessoa,103,11,0,17,3
2020-04-13,Campina Grande,3,0,0,0,0
2020-04-13,Santa Rita,10,0,0,3,0
2020-04-13,Sousa,1,0,0,0,0
2020-04-13,Igaracy,1,0,0,0,0
2020-04-13,Patos,4,1,0,0,0
2020-04-13,Cabedelo,5,2,0,1,0
2020-04-13,Serra Branca,1,0,0,0,0
2020-04-13,Junco do Seridó,3,1,0,0,0
2020-04-13,Bayeux,4,1,0,3,0
2020-04-13,Sapé,1,0,0,0,0
2020-04-13,Paraíba,136,16,52,25,3
2020-04-14,João Pessoa,115,12,0,12,1
2020-04-14,Campina Grande,3,0,0,0,0
2020-04-14,Santa Rita,12,1,0,2,1
2020-04-14,Sousa,1,0,0,0,0
2020-04-14,Igaracy,1,0,0,0,0
2020-04-14,Patos,4,1,0,0,0
2020-04-14,Cabedelo,5,2,0,0,0
2020-04-14,Serra Branca,1,0,0,0,0
2020-04-14,Junco do Seridó,3,1,0,0,0
2020-04-14,Bayeux,4,1,0,0,0
2020-04-14,São João do Rio do Peixe,1,0,0,0,0
2020-04-14,Taperoá,1,1,0,0,1
2020-04-14,Sapé,1,0,0,0,0
2020-04-14,Paraíba,152,21,52,16,5
2020-04-15,João Pessoa,124,14,0,9,2
2020-04-15,Campina Grande,4,0,0,1,0
2020-04-15,Santa Rita,14,1,0,2,0
2020-04-15,Sousa,1,0,0,0,0
2020-04-15,Igaracy,1,0,0,0,0
2020-04-15,Patos,4,1,0,0,0
2020-04-15,Cabedelo,6,2,0,1,0
2020-04-15,Serra Branca,1,0,0,0,0
2020-04-15,Junco do Seridó,3,1,0,0,0
2020-04-15,Bayeux,4,1,0,0,0
2020-04-15,São João do Rio do Peixe,1,0,0,0,0
2020-04-15,Taperoá,1,1,0,0,0
2020-04-15,Sapé,1,1,0,0,1
2020-04-15,Paraíba,165,24,80,13,3
2020-04-16,João Pessoa,142,14,0,18,0
2020-04-16,Campina Grande,8,1,0,4,1
2020-04-16,Santa Rita,17,1,0,3,0
2020-04-16,Sousa,1,0,0,0,0
2020-04-16,Igaracy,1,0,0,0,0
2020-04-16,Patos,5,2,0,1,1
2020-04-16,Cabedelo,7,2,0,1,0
2020-04-16,Serra Branca,1,0,0,0,0
2020-04-16,Junco do Seridó,3,1,0,0,0
2020-04-16,Bayeux,6,1,0,2,0
2020-04-16,São João do Rio do Peixe,1,0,0,0,0
2020-04-16,Taperoá,1,1,0,0,0
2020-04-16,Sapé,1,1,0,0,0
2020-04-16,Pombal,1,0,0,0,0
2020-04-16,Paraíba,195,26,80,30,2
2020-04-17,João Pessoa,148,15,0,6,1
2020-04-17,Campina Grande,8,1,0,0,0
2020-04-17,Santa Rita,17,1,0,0,0
2020-04-17,Sousa,1,0,0,0,0
2020-04-17,Igaracy,1,0,0,0,0
2020-04-17,Patos,5,2,0,0,0
2020-04-17,Cabedelo,8,2,0,1,0
2020-04-17,Serra Branca,1,0,0,0,0
2020-04-17,Junco do Seridó,3,1,0,0,0
2020-04-17,Bayeux,6,1,0,0,0
2020-04-17,São João do Rio do Peixe,1,0,0,0,0
2020-04-17,Taperoá,1,1,0,0,0
2020-04-17,Sapé,1,1,0,0,0
2020-04-17,Pombal,2,0,0,1,0
2020-04-17,São Bento,1,0,0,0,0
2020-04-17,Riachão do Poço,1,1,0,0,1
2020-04-17,Paraíba,205,28,90,10,2
2020-04-18,João Pessoa,163,15,0,15,0
2020-04-18,Campina Grande,12,1,0,4,0
2020-04-18,Santa Rita,21,2,0,4,1
2020-04-18,Sousa,1,0,0,0,0
2020-04-18,Igaracy,1,0,0,0,0
2020-04-18,Patos,7,2,0,2,0
2020-04-18,Cabedelo,9,2,0,1,0
2020-04-18,Serra Branca,1,0,0,0,0
2020-04-18,Junco do Seridó,3,1,0,0,0
2020-04-18,Bayeux,8,1,0,2,0
2020-04-18,São João do Rio do Peixe,1,0,0,0,0
2020-04-18,Taperoá,1,1,0,0,0
2020-04-18,Sapé,2,1,0,1,0
2020-04-18,Pombal,2,0,0,0,0
2020-04-18,São Bento,1,0,0,0,0
2020-04-18,Riachão do Poço,1,1,0,0,0
2020-04-18,Queimadas,1,0,0,0,0
2020-04-18,Congo,1,0,0,0,0
2020-04-18,Paraíba,236,29,90,31,1
2020-04-19,João Pessoa,172,17,0,9,2
2020-04-19,Campina Grande,12,2,0,0,1
2020-04-19,Santa Rita,21,2,0,0,0
2020-04-19,Sousa,1,0,0,0,0
2020-04-19,Igaracy,1,0,0,0,0
2020-04-19,Patos,8,2,0,1,0
2020-04-19,Cabedelo,9,2,0,0,0
2020-04-19,Serra Branca,1,0,0,0,0
2020-04-19,Junco do Seridó,3,1,0,0,0
2020-04-19,Bayeux,8,1,0,0,0
2020-04-19,São João do Rio do Peixe,1,0,0,0,0
2020-04-19,Taperoá,1,1,0,0,0
2020-04-19,Sapé,2,1,0,0,0
2020-04-19,Pombal,2,0,0,0,0
2020-04-19,São Bento,1,0,0,0,0
2020-04-19,Riachão do Poço,1,1,0,0,0
2020-04-19,Queimadas,1,0,0,0,0
2020-04-19,Congo,1,0,0,0,0
2020-04-19,Paraíba,246,32,99,10,3
2020-04-20,João Pessoa,185,20,0,13,3
2020-04-20,Campina Grande,12,2,0,0,0
2020-04-20,Santa Rita,21,2,0,0,0
2020-04-20,Sousa,1,0,0,0,0
2020-04-20,Igaracy,1,0,0,0,0
2020-04-20,Patos,8,2,0,0,0
2020-04-20,Cabedelo,11,2,0,2,0
2020-04-20,Serra Branca,1,0,0,0,0
2020-04-20,Junco do Seridó,3,1,0,0,0
2020-04-20,Bayeux,9,1,0,1,0
2020-04-20,São João do Rio do Peixe,1,0,0,0,0
2020-04-20,Taperoá,1,1,0,0,0
2020-04-20,Sapé,3,1,0,1,0
2020-04-20,Pombal,2,0,0,0,0
2020-04-20,São Bento,1,0,0,0,0
2020-04-20,Riachão do Poço,1,1,0,0,0
2020-04-20,Queimadas,1,0,0,0,0
2020-04-20,Congo,1,0,0,0,0
2020-04-20,Bom Jesus,1,0,0,0,0
2020-04-20,Paraíba,264,33,116,18,1
2020-04-21,João Pessoa,205,25,0,20,5
2020-04-21,Campina Grande,20,2,0,8,0
2020-04-21,Santa Rita,24,2,0,3,0
2020-04-21,Sousa,1,0,0,0,0
2020-04-21,Igaracy,1,0,0,0,0
2020-04-21,Patos,8,2,0,0,0
2020-04-21,Cabedelo,12,2,0,1,0
2020-04-21,Serra Branca,1,0,0,0,0
2020-04-21,Junco do Seridó,3,1,0,0,0
2020-04-21,Bayeux,9,1,0,0,0
2020-04-21,São João do Rio do Peixe,1,0,0,0,0
2020-04-21,Taperoá,1,1,0,0,0
2020-04-21,Sapé,3,1,0,0,0
2020-04-21,Pombal,2,0,0,0,0
2020-04-21,São Bento,1,0,0,0,0
2020-04-21,Riachão do Poço,1,1,0,0,0
2020-04-21,Queimadas,1,0,0,0,0
2020-04-21,Congo,1,0,0,0,0
2020-04-21,Bom Jesus,1,0,0,0,0
2020-04-21,Cajazeiras,2,1,0,0,1
2020-04-21,Cruz do Espírito Santo,1,0,0,0,0
2020-04-21,Itabaiana,1,0,0,0,0
2020-04-21,Conde,1,0,0,0,0
2020-04-21,Paraíba,301,39,116,37,6
2020-04-22,João Pessoa,230,25,0,25,0
2020-04-22,Campina Grande,24,2,0,4,0
2020-04-22,Santa Rita,25,3,0,1,1
2020-04-22,Sousa,2,0,0,1,0
2020-04-22,Igaracy,1,0,0,0,0
2020-04-22,Patos,8,2,0,0,0
2020-04-22,Cabedelo,15,2,0,3,0
2020-04-22,Serra Branca,1,0,0,0,0
2020-04-22,Junco do Seridó,3,1,0,0,0
2020-04-22,Bayeux,10,1,0,1,0
2020-04-22,São João do Rio do Peixe,1,0,0,0,0
2020-04-22,Taperoá,1,1,0,0,0
2020-04-22,Sapé,8,1,0,5,0
2020-04-22,Pombal,2,0,0,0,0
2020-04-22,São Bento,1,0,0,0,0
2020-04-22,Riachão do Poço,1,1,0,0,0
2020-04-22,Queimadas,1,0,0,0,0
2020-04-22,Congo,1,0,0,0,0
2020-04-22,Bom Jesus,1,0,0,0,0
2020-04-22,Cajazeiras,2,1,0,0,0
2020-04-22,Cruz do Espírito Santo,1,0,0,0,0
2020-04-22,Itabaiana,1,0,0,0,0
2020-04-22,Conde,1,0,0,0,0
2020-04-22,Coremas,1,0,0,0,0
2020-04-22,Alagoa Nova,1,0,0,0,0
2020-04-22,Barra de São Miguel,1,0,0,0,0
2020-04-22,Itapororoca,1,0,0,0,0
2020-04-22,Paraíba,345,40,116,44,1
2020-04-23,João Pessoa,254,28,0,24,3
2020-04-23,Campina Grande,30,2,0,6,0
2020-04-23,Santa Rita,25,4,0,0,1
2020-04-23,Sousa,4,0,0,2,0
2020-04-23,Igaracy,1,0,0,0,0
2020-04-23,Patos,8,2,0,0,0
2020-04-23,Cabedelo,15,2,0,0,0
2020-04-23,Serra Branca,1,0,0,0,0
2020-04-23,Junco do Seridó,3,1,0,0,0
2020-04-23,Bayeux,10,1,0,0,0
2020-04-23,São João do Rio do Peixe,2,0,0,1,0
2020-04-23,Taperoá,1,1,0,0,0
2020-04-23,Sapé,10,1,0,2,0
2020-04-23,Pombal,2,0,0,0,0
2020-04-23,São Bento,1,0,0,0,0
2020-04-23,Riachão do Poço,1,1,0,0,0
2020-04-23,Queimadas,1,0,0,0,0
2020-04-23,Congo,1,0,0,0,0
2020-04-23,Bom Jesus,1,0,0,0,0
2020-04-23,Cajazeiras,4,1,0,2,0
2020-04-23,Cruz do Espírito Santo,1,0,0,0,0
2020-04-23,Itabaiana,1,0,0,0,0
2020-04-23,Conde,1,0,0,0,0
2020-04-23,Coremas,1,0,0,0,0
2020-04-23,Alagoa Nova,1,0,0,0,0
2020-04-23,Barra de São Miguel,1,0,0,0,0
2020-04-23,Itapororoca,2,0,0,1,0
2020-04-23,Guarabira,3,0,0,0,0
2020-04-23,Paraíba,386,44,116,41,4
2020-04-24,João Pessoa,286,28,0,32,0
2020-04-24,Campina Grande,35,2,0,5,0
2020-04-24,Santa Rita,29,5,0,4,1
2020-04-24,Sousa,6,0,0,2,0
2020-04-24,Igaracy,1,0,0,0,0
2020-04-24,Patos,8,2,0,0,0
2020-04-24,Cabedelo,16,2,0,1,0
2020-04-24,Serra Branca,1,0,0,0,0
2020-04-24,Junco do Seridó,3,1,0,0,0
2020-04-24,Bayeux,12,1,0,2,0
2020-04-24,São João do Rio do Peixe,3,0,0,1,0
2020-04-24,Taperoá,1,1,0,0,0
2020-04-24,Sapé,13,1,0,3,0
2020-04-24,Pombal,2,0,0,0,0
2020-04-24,São Bento,1,0,0,0,0
2020-04-24,Riachão do Poço,1,1,0,0,0
2020-04-24,Queimadas,1,0,0,0,0
2020-04-24,Congo,1,0,0,0,0
2020-04-24,Bom Jesus,1,0,0,0,0
2020-04-24,Cajazeiras,4,1,0,0,0
2020-04-24,Cruz do Espírito Santo,1,0,0,0,0
2020-04-24,Itabaiana,2,0,0,1,0
2020-04-24,Conde,4,1,0,3,1
2020-04-24,Coremas,1,0,0,0,0
2020-04-24,Alagoa Nova,1,0,0,0,0
2020-04-24,Barra de São Miguel,1,0,0,0,0
2020-04-24,Itapororoca,2,0,0,0,0
2020-04-24,Guarabira,3,0,0,0,0
2020-04-24,Pedras de Fogo,2,0,0,0,0
2020-04-24,Itaporanga,1,0,0,0,0
2020-04-24,Alagoa Grande,1,0,0,0,0
2020-04-24,Brejo do Cruz,1,0,0,0,0
2020-04-24,Caaporã,1,0,0,0,0
2020-04-24,Coxixola,1,0,0,0,0
2020-04-24,Paraíba,447,46,117,61,2
2020-04-25,João Pessoa,313,28,0,27,0
2020-04-25,Campina Grande,39,2,0,4,0
2020-04-25,Santa Rita,37,6,0,8,1
2020-04-25,Sousa,6,0,0,0,0
2020-04-25,Igaracy,1,0,0,0,0
2020-04-25,Patos,11,2,0,3,0
2020-04-25,Cabedelo,16,2,0,0,0
2020-04-25,Serra Branca,1,0,0,0,0
2020-04-25,Junco do Seridó,3,1,0,0,0
2020-04-25,Bayeux,15,1,0,3,0
2020-04-25,São João do Rio do Peixe,4,0,0,1,0
2020-04-25,Taperoá,1,1,0,0,0
2020-04-25,Sapé,13,1,0,0,0
2020-04-25,Pombal,2,0,0,0,0
2020-04-25,São Bento,1,0,0,0,0
2020-04-25,Riachão do Poço,1,1,0,0,0
2020-04-25,Queimadas,1,0,0,0,0
2020-04-25,Congo,1,0,0,0,0
2020-04-25,Bom Jesus,1,0,0,0,0
2020-04-25,Cajazeiras,4,1,0,0,0
2020-04-25,Cruz do Espírito Santo,2,0,0,1,0
2020-04-25,Itabaiana,2,0,0,0,0
2020-04-25,Conde,5,1,0,1,0
2020-04-25,Coremas,1,0,0,0,0
2020-04-25,Alagoa Nova,1,0,0,0,0
2020-04-25,Barra de São Miguel,1,0,0,0,0
2020-04-25,Itapororoca,3,0,0,1,0
2020-04-25,Guarabira,3,0,0,0,0
2020-04-25,Pedras de Fogo,2,0,0,0,0
2020-04-25,Itaporanga,1,0,0,0,0
2020-04-25,Alagoa Grande,1,0,0,0,0
2020-04-25,Brejo do Cruz,1,1,0,0,1
2020-04-25,Caaporã,1,0,0,0,0
2020-04-25,Coxixola,1,0,0,0,0
2020-04-25,Boqueirão,1,0,0,0,0
2020-04-25,Marizópolis,1,1,0,0,1
2020-04-25,Areia,1,0,0,0,0
2020-04-25,Gurinhém,1,0,0,0,0
2020-04-25,Paraíba,500,49,117,53,3
2020-04-26,João Pessoa,349,28,0,36,0
2020-04-26,Campina Grande,39,2,0,0,0
2020-04-26,Santa Rita,40,7,0,3,1
2020-04-26,Sousa,6,0,0,0,0
2020-04-26,Igaracy,1,0,0,0,0
2020-04-26,Patos,11,2,0,0,0
2020-04-26,Cabedelo,19,2,0,3,0
2020-04-26,Serra Branca,1,0,0,0,0
2020-04-26,Junco do Seridó,3,1,0,0,0
2020-04-26,Bayeux,15,1,0,0,0
2020-04-26,São João do Rio do Peixe,4,0,0,0,0
2020-04-26,Taperoá,1,1,0,0,0
2020-04-26,Sapé,13,1,0,0,0
2020-04-26,Pombal,2,0,0,0,0
2020-04-26,São Bento,1,0,0,0,0
2020-04-26,Riachão do Poço,1,1,0,0,0
2020-04-26,Queimadas,1,0,0,0,0
2020-04-26,Congo,1,0,0,0,0
2020-04-26,Bom Jesus,1,0,0,0,0
2020-04-26,Cajazeiras,4,1,0,0,0
2020-04-26,Cruz do Espírito Santo,2,0,0,0,0
2020-04-26,Itabaiana,2,0,0,0,0
2020-04-26,Conde,5,1,0,0,0
2020-04-26,Coremas,1,0,0,0,0
2020-04-26,Alagoa Nova,1,0,0,0,0
2020-04-26,Barra de São Miguel,1,0,0,0,0
2020-04-26,Itapororoca,3,0,0,0,0
2020-04-26,Guarabira,3,0,0,0,0
2020-04-26,Pedras de Fogo,2,0,0,0,0
2020-04-26,Itaporanga,1,0,0,0,0
2020-04-26,Alagoa Grande,1,0,0,0,0
2020-04-26,Brejo do Cruz,1,1,0,0,0
2020-04-26,Caaporã,1,0,0,0,0
2020-04-26,Coxixola,1,0,0,0,0
2020-04-26,Boqueirão,1,0,0,0,0
2020-04-26,Marizópolis,1,1,0,0,0
2020-04-26,Areia,1,0,0,0,0
2020-04-26,Gurinhém,1,0,0,0,0
2020-04-26,Esperança,1,0,0,1,0
2020-04-26,Paraíba,543,50,119,43,1
2020-04-27,João Pessoa,410,28,0,61,0
2020-04-27,Campina Grande,42,3,0,3,1
2020-04-27,Santa Rita,47,8,0,7,1
2020-04-27,Sousa,6,0,0,0,0
2020-04-27,Igaracy,1,0,0,0,0
2020-04-27,Patos,12,2,0,1,0
2020-04-27,Cabedelo,22,2,0,3,0
2020-04-27,Serra Branca,1,0,0,0,0
2020-04-27,Junco do Seridó,3,1,0,0,0
2020-04-27,Bayeux,17,1,0,2,0
2020-04-27,São João do Rio do Peixe,5,0,0,1,0
2020-04-27,Taperoá,1,1,0,0,0
2020-04-27,Sapé,18,1,0,5,0
2020-04-27,Pombal,2,0,0,0,0
2020-04-27,São Bento,4,0,0,3,0
2020-04-27,Riachão do Poço,1,1,0,0,0
2020-04-27,Queimadas,1,0,0,0,0
2020-04-27,Congo,1,0,0,0,0
2020-04-27,Bom Jesus,1,0,0,0,0
2020-04-27,Cajazeiras,4,1,0,0,0
2020-04-27,Cruz do Espírito Santo,3,0,0,1,0
2020-04-27,Itabaiana,2,0,0,0,0
2020-04-27,Conde,5,1,0,0,0
2020-04-27,Coremas,1,0,0,0,0
2020-04-27,Alagoa Nova,1,0,0,0,0
2020-04-27,Barra de São Miguel,1,0,0,0,0
2020-04-27,Itapororoca,3,0,0,0,0
2020-04-27,Guarabira,3,0,0,0,0
2020-04-27,Pedras de Fogo,3,0,0,1,0
2020-04-27,Itaporanga,1,0,0,0,0
2020-04-27,Alagoa Grande,1,0,0,0,0
2020-04-27,Brejo do Cruz,1,1,0,0,0
2020-04-27,Caaporã,1,0,0,0,0
2020-04-27,Coxixola,1,0,0,0,0
2020-04-27,Boqueirão,1,0,0,0,0
2020-04-27,Marizópolis,1,1,0,0,0
2020-04-27,Areia,1,0,0,0,0
2020-04-27,Gurinhém,1,0,0,0,0
2020-04-27,Esperança,2,0,0,1,0
2020-04-27,Lagoa Seca,1,0,0,1,0
2020-04-27,Mari,1,1,0,1,1
2020-04-27,Paraíba,633,53,119,90,3
2020-04-28,João Pessoa,436,29,0,26,1
2020-04-28,Campina Grande,45,3,0,3,0
2020-04-28,Santa Rita,61,10,0,14,2
2020-04-28,Sousa,9,0,0,3,0
2020-04-28,Igaracy,1,0,0,0,0
2020-04-28,Patos,13,2,0,1,0
2020-04-28,Cabedelo,22,2,0,0,0
2020-04-28,Serra Branca,1,0,0,0,0
2020-04-28,Junco do Seridó,3,1,0,0,0
2020-04-28,Bayeux,19,2,0,2,1
2020-04-28,São João do Rio do Peixe,5,0,0,0,0
2020-04-28,Taperoá,2,1,0,1,0
2020-04-28,Sapé,20,1,0,2,0
2020-04-28,Pombal,2,0,0,0,0
2020-04-28,São Bento,4,0,0,0,0
2020-04-28,Riachão do Poço,1,1,0,0,0
2020-04-28,Queimadas,1,0,0,0,0
2020-04-28,Congo,1,0,0,0,0
2020-04-28,Bom Jesus,1,0,0,0,0
2020-04-28,Cajazeiras,5,1,0,1,0
2020-04-28,Cruz do Espírito Santo,3,0,0,0,0
2020-04-28,Itabaiana,2,0,0,0,0
2020-04-28,Conde,8,1,0,3,0
2020-04-28,Coremas,1,0,0,0,0
2020-04-28,Alagoa Nova,1,0,0,0,0
2020-04-28,Barra de São Miguel,1,0,0,0,0
2020-04-28,Itapororoca,3,0,0,0,0
2020-04-28,Guarabira,4,0,0,1,0
2020-04-28,Pedras de Fogo,4,0,0,1,0
2020-04-28,Itaporanga,1,0,0,0,0
2020-04-28,Alagoa Grande,1,0,0,0,0
2020-04-28,Brejo do Cruz,1,2,0,0,1
2020-04-28,Caaporã,1,0,0,0,0
2020-04-28,Coxixola,1,0,0,0,0
2020-04-28,Boqueirão,1,0,0,0,0
2020-04-28,Marizópolis,3,1,0,2,0
2020-04-28,Areia,1,0,0,0,0
2020-04-28,Gurinhém,1,0,0,0,0
2020-04-28,Esperança,2,0,0,0,0
2020-04-28,Lagoa Seca,1,0,0,0,0
2020-04-28,Mari,1,1,0,0,0
2020-04-28,Lucena,2,0,0,1,0
2020-04-28,Catingueira,2,0,0,1,0
2020-04-28,Araçagi,1,0,0,1,0
2020-04-28,São José do Bonfim,1,0,0,1,0
2020-04-28,Paraíba,699,58,149,64,5
2020-04-29,João Pessoa,499,32,0,63,3
2020-04-29,Campina Grande,51,3,0,6,0
2020-04-29,Santa Rita,72,11,0,11,1
2020-04-29,Sousa,12,0,0,3,0
2020-04-29,Igaracy,1,0,0,0,0
2020-04-29,Patos,17,2,0,4,0
2020-04-29,Cabedelo,26,2,0,4,0
2020-04-29,Serra Branca,1,0,0,0,0
2020-04-29,Junco do Seridó,3,1,0,0,0
2020-04-29,Bayeux,30,3,0,11,1
2020-04-29,São João do Rio do Peixe,5,0,0,0,0
2020-04-29,Taperoá,2,1,0,0,0
2020-04-29,Sapé,24,1,0,4,0
2020-04-29,Pombal,2,0,0,0,0
2020-04-29,São Bento,4,0,0,0,0
2020-04-29,Riachão do Poço,1,1,0,0,0
2020-04-29,Queimadas,2,0,0,1,0
2020-04-29,Congo,1,0,0,0,0
2020-04-29,Bom Jesus,1,0,0,0,0
2020-04-29,Cajazeiras,5,1,0,0,0
2020-04-29,Cruz do Espírito Santo,3,0,0,0,0
2020-04-29,Itabaiana,2,0,0,0,0
2020-04-29,Conde,8,1,0,0,0
2020-04-29,Coremas,1,0,0,0,0
2020-04-29,Alagoa Nova,1,0,0,0,0
2020-04-29,Barra de São Miguel,1,0,0,0,0
2020-04-29,Itapororoca,3,0,0,0,0
2020-04-29,Guarabira,4,0,0,0,0
2020-04-29,Pedras de Fogo,5,0,0,1,0
2020-04-29,Itaporanga,1,0,0,0,0
2020-04-29,Alagoa Grande,1,0,0,0,0
2020-04-29,Brejo do Cruz,1,2,0,0,0
2020-04-29,Caaporã,2,0,0,1,0
2020-04-29,Coxixola,1,0,0,0,0
2020-04-29,Boqueirão,1,0,0,0,0
2020-04-29,Marizópolis,3,1,0,0,0
2020-04-29,Areia,1,0,0,0,0
2020-04-29,Gurinhém,1,0,0,0,0
2020-04-29,Esperança,2,0,0,0,0
2020-04-29,Lagoa Seca,2,0,0,1,0
2020-04-29,Mari,1,1,0,0,0
2020-04-29,Lucena,3,0,0,1,0
2020-04-29,Catingueira,1,0,0,-1,0
2020-04-29,Araçagi,1,0,0,0,0
2020-04-29,São José do Bonfim,1,0,0,0,0
2020-04-29,Alhandra,1,0,0,1,0
2020-04-29,Riacho dos Cavalos,1,0,0,1,0
2020-04-29,Santa Helena,1,0,0,1,0
2020-04-29,São José de Piranhas,1,0,0,1,0
2020-04-29,Umbuzeiro,1,0,0,1,0
2020-04-29,Paraíba,814,63,152,115,5
2020-04-30,João Pessoa,563,33,0,64,1
2020-04-30,Campina Grande,51,3,0,0,0
2020-04-30,Santa Rita,85,12,0,13,1
2020-04-30,Sousa,12,0,0,0,0
2020-04-30,Igaracy,1,0,0,0,0
2020-04-30,Patos,19,3,0,2,1
2020-04-30,Cabedelo,28,3,0,2,1
2020-04-30,Serra Branca,1,0,0,0,0
2020-04-30,Junco do Seridó,3,1,0,0,0
2020-04-30,Bayeux,34,3,0,4,0
2020-04-30,São João do Rio do Peixe,5,0,0,0,0
2020-04-30,Taperoá,2,1,0,0,0
2020-04-30,Sapé,29,1,0,5,0
2020-04-30,Pombal,2,0,0,0,0
2020-04-30,São Bento,4,0,0,0,0
2020-04-30,Riachão do Poço,1,1,0,0,0
2020-04-30,Queimadas,2,0,0,0,0
2020-04-30,Congo,1,0,0,0,0
2020-04-30,Bom Jesus,1,0,0,0,0
2020-04-30,Cajazeiras,8,1,0,3,0
2020-04-30,Cruz do Espírito Santo,3,0,0,0,0
2020-04-30,Itabaiana,2,0,0,0,0
2020-04-30,Conde,13,1,0,5,0
2020-04-30,Coremas,1,0,0,0,0
2020-04-30,Alagoa Nova,1,0,0,0,0
2020-04-30,Barra de São Miguel,1,0,0,0,0
2020-04-30,Itapororoca,3,0,0,0,0
2020-04-30,Guarabira,7,0,0,3,0
2020-04-30,Pedras de Fogo,5,0,0,0,0
2020-04-30,Itaporanga,1,0,0,0,0
2020-04-30,Alagoa Grande,2,0,0,1,0
2020-04-30,Brejo do Cruz,1,2,0,0,0
2020-04-30,Caaporã,3,0,0,1,0
2020-04-30,Coxixola,1,0,0,0,0
2020-04-30,Boqueirão,1,0,0,0,0
2020-04-30,Marizópolis,3,1,0,0,0
2020-04-30,Areia,1,0,0,0,0
2020-04-30,Gurinhém,1,0,0,0,0
2020-04-30,Esperança,2,0,0,0,0
2020-04-30,Lagoa Seca,2,0,0,0,0
2020-04-30,Mari,1,1,0,0,0
2020-04-30,Lucena,3,0,0,0,0
2020-04-30,Catingueira,1,0,0,0,0
2020-04-30,Araçagi,1,0,0,0,0
2020-04-30,São José do Bonfim,1,0,0,0,0
2020-04-30,Alhandra,2,1,0,1,1
2020-04-30,Riacho dos Cavalos,1,0,0,0,0
2020-04-30,Santa Helena,1,0,0,0,0
2020-04-30,São José de Piranhas,1,0,0,0,0
2020-04-30,Umbuzeiro,2,0,0,1,0
2020-04-30,Rio Tinto,4,0,0,4,0
2020-04-30,Princesa Isabel,1,0,0,1,0
2020-04-30,Mamanguape,1,0,0,1,0
2020-04-30,Serra Redonda,1,0,0,1,0
2020-04-30,Paraíba,926,67,156,112,4
2020-05-01,João Pessoa,614,36,0,51,3
2020-05-01,Campina Grande,53,3,0,2,0
2020-05-01,Santa Rita,96,14,0,11,2
2020-05-01,Sousa,12,0,0,0,0
2020-05-01,Igaracy,1,0,0,0,0
2020-05-01,Patos,21,3,0,2,0
2020-05-01,Cabedelo,29,3,0,1,0
2020-05-01,Serra Branca,1,0,0,0,0
2020-05-01,Junco do Seridó,3,1,0,0,0
2020-05-01,Bayeux,39,3,0,5,0
2020-05-01,São João do Rio do Peixe,5,0,0,0,0
2020-05-01,Taperoá,2,1,0,0,0
2020-05-01,Sapé,28,1,0,-1,0
2020-05-01,Pombal,2,0,0,0,0
2020-05-01,São Bento,4,1,0,0,1
2020-05-01,Riachão do Poço,1,1,0,0,0
2020-05-01,Queimadas,2,0,0,0,0
2020-05-01,Congo,1,0,0,0,0
2020-05-01,Bom Jesus,1,0,0,0,0
2020-05-01,Cajazeiras,13,1,0,5,0
2020-05-01,Cruz do Espírito Santo,3,0,0,0,0
2020-05-01,Itabaiana,2,0,0,0,0
2020-05-01,Conde,16,1,0,3,0
2020-05-01,Coremas,1,0,0,0,0
2020-05-01,Alagoa Nova,1,0,0,0,0
2020-05-01,Barra de São Miguel,1,0,0,0,0
2020-05-01,Itapororoca,4,0,0,1,0
2020-05-01,Guarabira,10,0,0,3,0
2020-05-01,Pedras de Fogo,6,0,0,1,0
2020-05-01,Itaporanga,1,0,0,0,0
2020-05-01,Alagoa Grande,2,0,0,0,0
2020-05-01,Brejo do Cruz,1,2,0,0,0
2020-05-01,Caaporã,3,0,0,0,0
2020-05-01,Coxixola,2,0,0,1,0
2020-05-01,Boqueirão,1,0,0,0,0
2020-05-01,Marizópolis,3,1,0,0,0
2020-05-01,Areia,1,0,0,0,0
2020-05-01,Gurinhém,1,0,0,0,0
2020-05-01,Esperança,2,0,0,0,0
2020-05-01,Lagoa Seca,3,0,0,1,0
2020-05-01,Mari,1,1,0,0,0
2020-05-01,Lucena,4,0,0,1,0
2020-05-01,Catingueira,1,0,0,0,0
2020-05-01,Araçagi,1,0,0,0,0
2020-05-01,São José do Bonfim,1,0,0,0,0
2020-05-01,Alhandra,4,1,0,2,0
2020-05-01,Riacho dos Cavalos,1,0,0,0,0
2020-05-01,Santa Helena,1,0,0,0,0
2020-05-01,São José de Piranhas,1,0,0,0,0
2020-05-01,Umbuzeiro,3,1,0,1,1
2020-05-01,Rio Tinto,4,0,0,0,0
2020-05-01,Princesa Isabel,1,0,0,0,0
2020-05-01,Mamanguape,1,0,0,0,0
2020-05-01,Serra Redonda,1,0,0,0,0
2020-05-01,Casserengue,1,0,0,1,0
2020-05-01,Caiçara,1,0,0,1,0
2020-05-01,Imaculada,1,0,0,1,0
2020-05-01,Monteiro,1,0,0,1,0
2020-05-01,Pilar,1,0,0,0,0
2020-05-01,Pilõezinhos,1,0,0,1,0
2020-05-01,Pitimbu,1,0,0,1,0
2020-05-01,São José de Espinharas,1,0,0,1,0
2020-05-01,Paraíba,1034,74,177,97,7
2020-05-02,João Pessoa,701,37,0,87,1
2020-05-02,Campina Grande,61,3,0,8,0
2020-05-02,Santa Rita,100,15,0,4,1
2020-05-02,Sousa,15,0,0,3,0
2020-05-02,Igaracy,1,0,0,0,0
2020-05-02,Patos,23,3,0,2,0
2020-05-02,Cabedelo,39,3,0,10,0
2020-05-02,Serra Branca,1,0,0,0,0
2020-05-02,Junco do Seridó,3,1,0,0,0
2020-05-02,Bayeux,41,3,0,2,0
2020-05-02,São João do Rio do Peixe,6,0,0,1,0
2020-05-02,Taperoá,2,1,0,0,0
2020-05-02,Sapé,38,1,0,10,0
2020-05-02,Pombal,2,0,0,0,0
2020-05-02,São Bento,5,1,0,1,0
2020-05-02,Riachão do Poço,1,1,0,0,0
2020-05-02,Queimadas,2,0,0,0,0
2020-05-02,Congo,1,0,0,0,0
2020-05-02,Bom Jesus,1,0,0,0,0
2020-05-02,Cajazeiras,10,1,0,-3,0
2020-05-02,Cruz do Espírito Santo,4,0,0,1,0
2020-05-02,Itabaiana,2,0,0,0,0
2020-05-02,Conde,17,1,0,1,0
2020-05-02,Coremas,1,0,0,0,0
2020-05-02,Alagoa Nova,1,0,0,0,0
2020-05-02,Barra de São Miguel,1,0,0,0,0
2020-05-02,Itapororoca,3,0,0,-1,0
2020-05-02,Guarabira,15,0,0,5,0
2020-05-02,Pedras de Fogo,9,0,0,3,0
2020-05-02,Itaporanga,1,0,0,0,0
2020-05-02,Alagoa Grande,2,0,0,0,0
2020-05-02,Brejo do Cruz,1,2,0,0,0
2020-05-02,Caaporã,3,0,0,0,0
2020-05-02,Coxixola,3,0,0,1,0
2020-05-02,Boqueirão,1,0,0,0,0
2020-05-02,Marizópolis,3,1,0,0,0
2020-05-02,Areia,1,0,0,0,0
2020-05-02,Gurinhém,1,0,0,0,0
2020-05-02,Esperança,2,0,0,0,0
2020-05-02,Lagoa Seca,2,0,0,-1,0
2020-05-02,Mari,7,1,0,6,0
2020-05-02,Lucena,5,0,0,1,0
2020-05-02,Catingueira,1,0,0,0,0
2020-05-02,Araçagi,1,0,0,0,0
2020-05-02,São José do Bonfim,1,0,0,0,0
2020-05-02,Alhandra,7,1,0,3,0
2020-05-02,Riacho dos Cavalos,1,0,0,0,0
2020-05-02,Santa Helena,1,0,0,0,0
2020-05-02,São José de Piranhas,1,0,0,0,0
2020-05-02,Umbuzeiro,2,1,0,-1,0
2020-05-02,Rio Tinto,4,0,0,0,0
2020-05-02,Princesa Isabel,1,0,0,0,0
2020-05-02,Mamanguape,1,0,0,0,0
2020-05-02,Serra Redonda,1,0,0,0,0
2020-05-02,Casserengue,1,0,0,0,0
2020-05-02,Caiçara,1,0,0,0,0
2020-05-02,Imaculada,3,0,0,2,0
2020-05-02,Monteiro,1,0,0,0,0
2020-05-02,Pilar,1,0,0,0,0
2020-05-02,Pilõezinhos,1,0,0,0,0
2020-05-02,Pitimbu,1,0,0,0,0
2020-05-02,São José de Espinharas,1,0,0,0,0
2020-05-02,Piancó,1,0,0,1,0
2020-05-02,Serra da Raiz,1,0,0,1,0
2020-05-02,Paraíba,1169,76,177,135,2
2020-05-03,João Pessoa,711,39,0,10,2
2020-05-03,Campina Grande,62,3,0,1,0
2020-05-03,Santa Rita,111,16,0,11,1
2020-05-03,Sousa,15,0,0,0,0
2020-05-03,Igaracy,1,0,0,0,0
2020-05-03,Patos,24,3,0,1,0
2020-05-03,Cabedelo,39,3,0,0,0
2020-05-03,Serra Branca,1,0,0,0,0
2020-05-03,Junco do Seridó,3,1,0,0,0
2020-05-03,Bayeux,43,3,0,2,0
2020-05-03,São João do Rio do Peixe,6,0,0,0,0
2020-05-03,Taperoá,5,1,0,3,0
2020-05-03,Sapé,45,1,0,7,0
2020-05-03,Pombal,2,0,0,0,0
2020-05-03,São Bento,5,1,0,0,0
2020-05-03,Riachão do Poço,1,1,0,0,0
2020-05-03,Queimadas,2,0,0,0,0
2020-05-03,Congo,1,0,0,0,0
2020-05-03,Bom Jesus,1,0,0,0,0
2020-05-03,Cajazeiras,10,1,0,0,0
2020-05-03,Cruz do Espírito Santo,4,0,0,0,0
2020-05-03,Itabaiana,2,0,0,0,0
2020-05-03,Conde,17,1,0,0,0
2020-05-03,Coremas,1,0,0,0,0
2020-05-03,Alagoa Nova,1,0,0,0,0
2020-05-03,Barra de São Miguel,1,0,0,0,0
2020-05-03,Itapororoca,3,0,0,0,0
2020-05-03,Guarabira,21,0,0,6,0
2020-05-03,Pedras de Fogo,9,0,0,0,0
2020-05-03,Itaporanga,1,0,0,0,0
2020-05-03,Alagoa Grande,2,0,0,0,0
2020-05-03,Brejo do Cruz,1,2,0,0,0
2020-05-03,Caaporã,3,0,0,0,0
2020-05-03,Coxixola,3,0,0,0,0
2020-05-03,Boqueirão,1,0,0,0,0
2020-05-03,Marizópolis,3,1,0,0,0
2020-05-03,Areia,1,0,0,0,0
2020-05-03,Gurinhém,1,0,0,0,0
2020-05-03,Esperança,2,0,0,0,0
2020-05-03,Lagoa Seca,2,0,0,0,0
2020-05-03,Mari,8,1,0,1,0
2020-05-03,Lucena,5,0,0,0,0
2020-05-03,Catingueira,1,0,0,0,0
2020-05-03,Araçagi,1,0,0,0,0
2020-05-03,São José do Bonfim,1,0,0,0,0
2020-05-03,Alhandra,7,1,0,0,0
2020-05-03,Riacho dos Cavalos,1,0,0,0,0
2020-05-03,Santa Helena,1,0,0,0,0
2020-05-03,São José de Piranhas,1,0,0,0,0
2020-05-03,Umbuzeiro,2,1,0,0,0
2020-05-03,Rio Tinto,4,0,0,0,0
2020-05-03,Princesa Isabel,1,0,0,0,0
2020-05-03,Mamanguape,1,0,0,0,0
2020-05-03,Serra Redonda,1,0,0,0,0
2020-05-03,Casserengue,1,0,0,0,0
2020-05-03,Caiçara,1,0,0,0,0
2020-05-03,Imaculada,3,0,0,0,0
2020-05-03,Monteiro,1,0,0,0,0
2020-05-03,Pilar,1,0,0,0,0
2020-05-03,Pilõezinhos,2,0,0,1,0
2020-05-03,Pitimbu,2,0,0,1,0
2020-05-03,São José de Espinharas,1,0,0,0,0
2020-05-03,Piancó,1,0,0,0,0
2020-05-03,Serra da Raiz,1,0,0,0,0
2020-05-03,Mulungu,3,0,0,3,0
2020-05-03,Paraíba,1219,79,227,50,3
2020-05-04,João Pessoa,802,40,0,91,1
2020-05-04,Campina Grande,67,3,0,5,0
2020-05-04,Santa Rita,122,17,0,11,1
2020-05-04,Sousa,15,0,0,0,0
2020-05-04,Igaracy,1,0,0,0,0
2020-05-04,Patos,27,3,0,3,0
2020-05-04,Cabedelo,44,3,0,5,0
2020-05-04,Serra Branca,1,0,0,0,0
2020-05-04,Junco do Seridó,3,1,0,0,0
2020-05-04,Bayeux,44,3,0,1,0
2020-05-04,São João do Rio do Peixe,6,0,0,0,0
2020-05-04,Taperoá,5,1,0,0,0
2020-05-04,Sapé,48,1,0,3,0
2020-05-04,Pombal,2,0,0,0,0
2020-05-04,São Bento,5,1,0,0,0
2020-05-04,Riachão do Poço,1,1,0,0,0
2020-05-04,Queimadas,2,0,0,0,0
2020-05-04,Congo,1,0,0,0,0
2020-05-04,Bom Jesus,1,0,0,0,0
2020-05-04,Cajazeiras,12,1,0,2,0
2020-05-04,Cruz do Espírito Santo,6,1,0,2,1
2020-05-04,Itabaiana,2,0,0,0,0
2020-05-04,Conde,17,1,0,0,0
2020-05-04,Coremas,3,0,0,2,0
2020-05-04,Alagoa Nova,1,0,0,0,0
2020-05-04,Barra de São Miguel,1,0,0,0,0
2020-05-04,Itapororoca,4,0,0,1,0
2020-05-04,Guarabira,24,0,0,3,0
2020-05-04,Pedras de Fogo,10,1,0,1,1
2020-05-04,Itaporanga,1,0,0,0,0
2020-05-04,Alagoa Grande,2,0,0,0,0
2020-05-04,Brejo do Cruz,1,2,0,0,0
2020-05-04,Caaporã,4,0,0,1,0
2020-05-04,Coxixola,3,0,0,0,0
2020-05-04,Boqueirão,1,0,0,0,0
2020-05-04,Marizópolis,3,1,0,0,0
2020-05-04,Areia,1,0,0,0,0
2020-05-04,Gurinhém,2,0,0,1,0
2020-05-04,Esperança,2,0,0,0,0
2020-05-04,Lagoa Seca,2,1,0,0,1
2020-05-04,Mari,8,1,0,0,0
2020-05-04,Lucena,5,0,0,0,0
2020-05-04,Catingueira,1,0,0,0,0
2020-05-04,Araçagi,1,0,0,0,0
2020-05-04,São José do Bonfim,1,0,0,0,0
2020-05-04,Alhandra,8,2,0,1,1
2020-05-04,Riacho dos Cavalos,1,0,0,0,0
2020-05-04,Santa Helena,1,0,0,0,0
2020-05-04,São José de Piranhas,1,0,0,0,0
2020-05-04,Umbuzeiro,2,1,0,0,0
2020-05-04,Rio Tinto,4,0,0,0,0
2020-05-04,Princesa Isabel,2,0,0,1,0
2020-05-04,Mamanguape,3,0,0,2,0
2020-05-04,Serra Redonda,1,0,0,0,0
2020-05-04,Casserengue,1,0,0,0,0
2020-05-04,Caiçara,1,0,0,0,0
2020-05-04,Imaculada,3,0,0,0,0
2020-05-04,Monteiro,1,0,0,0,0
2020-05-04,Pilar,2,0,0,1,0
2020-05-04,Pilõezinhos,2,0,0,0,0
2020-05-04,Pitimbu,2,0,0,0,0
2020-05-04,São José de Espinharas,1,0,0,0,0
2020-05-04,Piancó,1,0,0,0,0
2020-05-04,Serra da Raiz,1,0,0,0,0
2020-05-04,Mulungu,3,0,0,0,0
2020-05-04,Alagoinha,1,0,0,1,0
2020-05-04,Mataraca,1,0,0,1,0
2020-05-04,Pirpirituba,1,0,0,1,0
2020-05-04,Nova Floresta,1,0,0,1,0
2020-05-04,Uiraúna,1,0,0,1,0
2020-05-04,Paraíba,1361,85,227,142,6
2020-05-05,João Pessoa,865,44,0,63,4
2020-05-05,Campina Grande,74,3,0,7,0
2020-05-05,Santa Rita,129,19,0,7,2
2020-05-05,Sousa,17,0,0,2,0
2020-05-05,Igaracy,1,0,0,0,0
2020-05-05,Patos,33,3,0,6,0
2020-05-05,Cabedelo,51,4,0,7,1
2020-05-05,Serra Branca,1,0,0,0,0
2020-05-05,Junco do Seridó,3,1,0,0,0
2020-05-05,Bayeux,45,3,0,1,0
2020-05-05,São João do Rio do Peixe,6,0,0,0,0
2020-05-05,Taperoá,9,1,0,4,0
2020-05-05,Sapé,54,1,0,6,0
2020-05-05,Pombal,2,0,0,0,0
2020-05-05,São Bento,5,1,0,0,0
2020-05-05,Riachão do Poço,1,1,0,0,0
2020-05-05,Queimadas,2,0,0,0,0
2020-05-05,Congo,1,0,0,0,0
2020-05-05,Bom Jesus,1,0,0,0,0
2020-05-05,Cajazeiras,13,1,0,1,0
2020-05-05,Cruz do Espírito Santo,7,1,0,1,0
2020-05-05,Itabaiana,2,0,0,0,0
2020-05-05,Conde,18,1,0,1,0
2020-05-05,Coremas,3,0,0,0,0
2020-05-05,Alagoa Nova,1,0,0,0,0
2020-05-05,Barra de São Miguel,1,0,0,0,0
2020-05-05,Itapororoca,4,0,0,0,0
2020-05-05,Guarabira,28,0,0,4,0
2020-05-05,Pedras de Fogo,15,1,0,5,0
2020-05-05,Itaporanga,1,0,0,0,0
2020-05-05,Alagoa Grande,3,0,0,1,0
2020-05-05,Brejo do Cruz,1,2,0,0,0
2020-05-05,Caaporã,5,0,0,1,0
2020-05-05,Coxixola,3,0,0,0,0
2020-05-05,Boqueirão,1,0,0,0,0
2020-05-05,Marizópolis,3,1,0,0,0
2020-05-05,Areia,1,0,0,0,0
2020-05-05,Gurinhém,2,0,0,0,0
2020-05-05,Esperança,2,0,0,0,0
2020-05-05,Lagoa Seca,2,1,0,0,0
2020-05-05,Mari,9,1,0,1,0
2020-05-05,Lucena,6,0,0,1,0
2020-05-05,Catingueira,1,0,0,0,0
2020-05-05,Araçagi,3,0,0,2,0
2020-05-05,São José do Bonfim,1,0,0,0,0
2020-05-05,Alhandra,8,2,0,0,0
2020-05-05,Riacho dos Cavalos,1,0,0,0,0
2020-05-05,Santa Helena,1,0,0,0,0
2020-05-05,São José de Piranhas,1,0,0,0,0
2020-05-05,Umbuzeiro,2,1,0,0,0
2020-05-05,Rio Tinto,5,0,0,1,0
2020-05-05,Princesa Isabel,2,0,0,0,0
2020-05-05,Mamanguape,4,0,0,1,0
2020-05-05,Serra Redonda,1,0,0,0,0
2020-05-05,Casserengue,1,0,0,0,0
2020-05-05,Caiçara,1,0,0,0,0
2020-05-05,Imaculada,3,0,0,0,0
2020-05-05,Monteiro,2,0,0,1,0
2020-05-05,Pilar,2,0,0,0,0
2020-05-05,Pilõezinhos,2,0,0,0,0
2020-05-05,Pitimbu,2,0,0,0,0
2020-05-05,São José de Espinharas,1,0,0,0,0
2020-05-05,Piancó,3,0,0,2,0
2020-05-05,Serra da Raiz,1,0,0,0,0
2020-05-05,Mulungu,3,0,0,0,0
2020-05-05,Alagoinha,1,0,0,0,0
2020-05-05,Mataraca,1,0,0,0,0
2020-05-05,Pirpirituba,2,0,0,1,0
2020-05-05,Nova Floresta,1,0,0,0,0
2020-05-05,Uiraúna,1,0,0,0,0
2020-05-05,Capim,1,0,0,1,0
2020-05-05,Remígio,1,0,0,1,0
2020-05-05,São Sebastião de Lagoa de Roça,1,0,0,1,0
2020-05-05,Matinhas,1,0,0,1,0
2020-05-05,Pilões,1,0,0,1,0
2020-05-05,Paraíba,1493,92,310,132,7
2020-05-06,João Pessoa,907,46,0,42,2
2020-05-06,Campina Grande,78,3,0,4,0
2020-05-06,Santa Rita,162,20,0,33,1
2020-05-06,Sousa,19,0,0,2,0
2020-05-06,Igaracy,1,0,0,0,0
2020-05-06,Patos,40,5,0,7,2
2020-05-06,Cabedelo,57,4,0,6,0
2020-05-06,Serra Branca,1,0,0,0,0
2020-05-06,Junco do Seridó,3,1,0,0,0
2020-05-06,Bayeux,58,4,0,13,1
2020-05-06,São João do Rio do Peixe,6,0,0,0,0
2020-05-06,Taperoá,13,1,0,4,0
2020-05-06,Sapé,55,1,0,1,0
2020-05-06,Pombal,2,0,0,0,0
2020-05-06,São Bento,5,1,0,0,0
2020-05-06,Riachão do Poço,1,1,0,0,0
2020-05-06,Queimadas,2,0,0,0,0
2020-05-06,Congo,1,0,0,0,0
2020-05-06,Bom Jesus,1,0,0,0,0
2020-05-06,Cajazeiras,14,1,0,1,0
2020-05-06,Cruz do Espírito Santo,9,1,0,2,0
2020-05-06,Itabaiana,3,0,0,1,0
2020-05-06,Conde,19,1,0,1,0
2020-05-06,Coremas,3,0,0,0,0
2020-05-06,Alagoa Nova,1,0,0,0,0
2020-05-06,Barra de São Miguel,1,0,0,0,0
2020-05-06,Itapororoca,4,1,0,0,1
2020-05-06,Guarabira,36,0,0,8,0
2020-05-06,Pedras de Fogo,15,1,0,0,0
2020-05-06,Itaporanga,2,0,0,1,0
2020-05-06,Alagoa Grande,3,0,0,0,0
2020-05-06,Brejo do Cruz,1,2,0,0,0
2020-05-06,Caaporã,13,0,0,8,0
2020-05-06,Coxixola,3,0,0,0,0
2020-05-06,Boqueirão,1,0,0,0,0
2020-05-06,Marizópolis,3,1,0,0,0
2020-05-06,Areia,3,0,0,2,0
2020-05-06,Gurinhém,2,0,0,0,0
2020-05-06,Esperança,2,0,0,0,0
2020-05-06,Lagoa Seca,2,1,0,0,0
2020-05-06,Mari,13,1,0,4,0
2020-05-06,Lucena,9,0,0,3,0
2020-05-06,Catingueira,1,0,0,0,0
2020-05-06,Araçagi,3,0,0,0,0
2020-05-06,São José do Bonfim,1,0,0,0,0
2020-05-06,Alhandra,15,3,0,7,1
2020-05-06,Riacho dos Cavalos,1,0,0,0,0
2020-05-06,Santa Helena,1,0,0,0,0
2020-05-06,São José de Piranhas,1,0,0,0,0
2020-05-06,Umbuzeiro,2,1,0,0,0
2020-05-06,Rio Tinto,7,0,0,2,0
2020-05-06,Princesa Isabel,2,0,0,0,0
2020-05-06,Mamanguape,4,0,0,0,0
2020-05-06,Serra Redonda,1,0,0,0,0
2020-05-06,Casserengue,1,0,0,0,0
2020-05-06,Caiçara,2,0,0,1,0
2020-05-06,Imaculada,3,0,0,0,0
2020-05-06,Monteiro,2,0,0,0,0
2020-05-06,Pilar,4,0,0,2,0
2020-05-06,Pilõezinhos,2,0,0,0,0
2020-05-06,Pitimbu,6,0,0,4,0
2020-05-06,São José de Espinharas,1,0,0,0,0
2020-05-06,Piancó,3,0,0,0,0
2020-05-06,Serra da Raiz,1,0,0,0,0
2020-05-06,Mulungu,3,0,0,0,0
2020-05-06,Alagoinha,1,0,0,0,0
2020-05-06,Mataraca,1,0,0,0,0
2020-05-06,Pirpirituba,2,0,0,0,0
2020-05-06,Nova Floresta,1,0,0,0,0
2020-05-06,Uiraúna,1,0,0,0,0
2020-05-06,Capim,1,0,0,0,0
2020-05-06,Remígio,1,0,0,0,0
2020-05-06,São Sebastião de Lagoa de Roça,1,0,0,0,0
2020-05-06,Matinhas,1,0,0,0,0
2020-05-06,Pilões,1,0,0,0,0
2020-05-06,Condado,2,0,0,2,0
2020-05-06,Juazeirinho,1,0,0,1,0
2020-05-06,Massaranduba,1,0,0,1,0
2020-05-06,Santa Luzia,1,0,0,1,0
2020-05-06,Paraíba,1657,101,320,164,9
2020-05-07,João Pessoa,982,50,0,75,4
2020-05-07,Campina Grande,89,3,0,11,0
2020-05-07,Santa Rita,162,23,0,0,3
2020-05-07,Sousa,20,0,0,1,0
2020-05-07,Igaracy,1,0,0,0,0
2020-05-07,Patos,46,6,0,6,1
2020-05-07,Cabedelo,75,4,0,18,0
2020-05-07,Serra Branca,1,0,0,0,0
2020-05-07,Junco do Seridó,3,1,0,0,0
2020-05-07,Bayeux,59,5,0,1,1
2020-05-07,São João do Rio do Peixe,6,0,0,0,0
2020-05-07,Taperoá,17,1,0,4,0
2020-05-07,Sapé,60,1,0,5,0
2020-05-07,Pombal,2,0,0,0,0
2020-05-07,São Bento,6,2,0,1,1
2020-05-07,Riachão do Poço,1,1,0,0,0
2020-05-07,Queimadas,2,0,0,0,0
2020-05-07,Congo,3,0,0,2,0
2020-05-07,Bom Jesus,1,0,0,0,0
2020-05-07,Cajazeiras,18,1,0,4,0
2020-05-07,Cruz do Espírito Santo,10,1,0,1,0
2020-05-07,Itabaiana,4,0,0,1,0
2020-05-07,Conde,19,1,0,0,0
2020-05-07,Coremas,3,0,0,0,0
2020-05-07,Alagoa Nova,1,0,0,0,0
2020-05-07,Barra de São Miguel,1,0,0,0,0
2020-05-07,Itapororoca,4,1,0,0,0
2020-05-07,Guarabira,52,0,0,16,0
2020-05-07,Pedras de Fogo,16,1,0,1,0
2020-05-07,Itaporanga,2,0,0,0,0
2020-05-07,Alagoa Grande,6,0,0,3,0
2020-05-07,Brejo do Cruz,1,2,0,0,0
2020-05-07,Caaporã,19,0,0,6,0
2020-05-07,Coxixola,3,0,0,0,0
2020-05-07,Boqueirão,1,0,0,0,0
2020-05-07,Marizópolis,3,1,0,0,0
2020-05-07,Areia,3,0,0,0,0
2020-05-07,Gurinhém,4,0,0,2,0
2020-05-07,Esperança,4,0,0,2,0
2020-05-07,Lagoa Seca,2,1,0,0,0
2020-05-07,Mari,13,1,0,0,0
2020-05-07,Lucena,11,0,0,2,0
2020-05-07,Catingueira,1,0,0,0,0
2020-05-07,Araçagi,4,0,0,1,0
2020-05-07,São José do Bonfim,1,0,0,0,0
2020-05-07,Alhandra,19,3,0,4,0
2020-05-07,Riacho dos Cavalos,1,0,0,0,0
2020-05-07,Santa Helena,1,0,0,0,0
2020-05-07,São José de Piranhas,1,0,0,0,0
2020-05-07,Umbuzeiro,2,1,0,0,0
2020-05-07,Rio Tinto,10,0,0,3,0
2020-05-07,Princesa Isabel,3,0,0,1,0
2020-05-07,Mamanguape,5,0,0,1,0
2020-05-07,Serra Redonda,1,0,0,0,0
2020-05-07,Casserengue,1,0,0,0,0
2020-05-07,Caiçara,2,0,0,0,0
2020-05-07,Imaculada,3,0,0,0,0
2020-05-07,Monteiro,2,0,0,0,0
2020-05-07,Pilar,4,0,0,0,0
2020-05-07,Pilõezinhos,4,0,0,2,0
2020-05-07,Pitimbu,7,0,0,1,0
2020-05-07,São José de Espinharas,1,0,0,0,0
2020-05-07,Piancó,3,0,0,0,0
2020-05-07,Serra da Raiz,2,0,0,1,0
2020-05-07,Mulungu,3,0,0,0,0
2020-05-07,Alagoinha,1,0,0,0,0
2020-05-07,Mataraca,1,0,0,0,0
2020-05-07,Pirpirituba,2,0,0,0,0
2020-05-07,Nova Floresta,1,0,0,0,0
2020-05-07,Uiraúna,1,0,0,0,0
2020-05-07,Capim,1,0,0,0,0
2020-05-07,Remígio,4,0,0,3,0
2020-05-07,São Sebastião de Lagoa de Roça,3,0,0,2,0
2020-05-07,Matinhas,1,0,0,0,0
2020-05-07,Pilões,1,0,0,0,0
2020-05-07,Condado,2,0,0,0,0
2020-05-07,Juazeirinho,1,0,0,0,0
2020-05-07,Massaranduba,1,0,0,0,0
2020-05-07,Santa Luzia,1,0,0,0,0
2020-05-07,Baía da Traição,3,0,0,3,0
2020-05-07,Juripiranga,2,0,0,2,0
2020-05-07,Cuitegi,2,0,0,2,0
2020-05-07,Borborema,1,0,0,1,0
2020-05-07,Pocinhos,1,0,0,1,0
2020-05-07,Sobrado,1,0,0,1,0
2020-05-07,Riachão do Bacamarte,1,0,0,1,0
2020-05-07,São Miguel de Taipu,1,0,0,1,0
2020-05-07,Paraíba,1849,111,490,192,10
2020-05-08,João Pessoa,1062,51,0,80,1
2020-05-08,Campina Grande,89,3,0,0,0
2020-05-08,Santa Rita,169,24,0,7,1
2020-05-08,Sousa,22,0,0,2,0
2020-05-08,Igaracy,1,0,0,0,0
2020-05-08,Patos,65,6,0,19,0
2020-05-08,Cabedelo,82,5,0,7,1
2020-05-08,Serra Branca,1,0,0,0,0
2020-05-08,Junco do Seridó,3,1,0,0,0
2020-05-08,Bayeux,62,5,0,3,0
2020-05-08,São João do Rio do Peixe,6,0,0,0,0
2020-05-08,Taperoá,16,1,0,-1,0
2020-05-08,Sapé,60,1,0,0,0
2020-05-08,Pombal,2,0,0,0,0
2020-05-08,São Bento,6,2,0,0,0
2020-05-08,Riachão do Poço,1,1,0,0,0
2020-05-08,Queimadas,3,0,0,1,0
2020-05-08,Congo,2,0,0,-1,0
2020-05-08,Bom Jesus,1,0,0,0,0
2020-05-08,Cajazeiras,18,1,0,0,0
2020-05-08,Cruz do Espírito Santo,13,1,0,3,0
2020-05-08,Itabaiana,7,0,0,3,0
2020-05-08,Conde,19,1,0,0,0
2020-05-08,Coremas,3,0,0,0,0
2020-05-08,Alagoa Nova,1,0,0,0,0
2020-05-08,Barra de São Miguel,1,0,0,0,0
2020-05-08,Itapororoca,4,1,0,0,0
2020-05-08,Guarabira,60,0,0,8,0
2020-05-08,Pedras de Fogo,18,1,0,2,0
2020-05-08,Itaporanga,2,0,0,0,0
2020-05-08,Alagoa Grande,6,0,0,0,0
2020-05-08,Brejo do Cruz,1,2,0,0,0
2020-05-08,Caaporã,33,0,0,14,0
2020-05-08,Coxixola,3,0,0,0,0
2020-05-08,Boqueirão,1,0,0,0,0
2020-05-08,Marizópolis,3,1,0,0,0
2020-05-08,Areia,3,0,0,0,0
2020-05-08,Gurinhém,4,0,0,0,0
2020-05-08,Esperança,4,0,0,0,0
2020-05-08,Lagoa Seca,2,1,0,0,0
2020-05-08,Mari,15,1,0,2,0
2020-05-08,Lucena,11,0,0,0,0
2020-05-08,Catingueira,1,0,0,0,0
2020-05-08,Araçagi,4,0,0,0,0
2020-05-08,São José do Bonfim,1,0,0,0,0
2020-05-08,Alhandra,24,3,0,5,0
2020-05-08,Riacho dos Cavalos,1,0,0,0,0
2020-05-08,Santa Helena,1,0,0,0,0
2020-05-08,São José de Piranhas,1,0,0,0,0
2020-05-08,Umbuzeiro,2,1,0,0,0
2020-05-08,Rio Tinto,12,0,0,2,0
2020-05-08,Princesa Isabel,3,0,0,0,0
2020-05-08,Mamanguape,6,0,0,1,0
2020-05-08,Serra Redonda,1,0,0,0,0
2020-05-08,Casserengue,1,0,0,0,0
2020-05-08,Caiçara,2,0,0,0,0
2020-05-08,Imaculada,3,0,0,0,0
2020-05-08,Monteiro,2,0,0,0,0
2020-05-08,Pilar,5,0,0,1,0
2020-05-08,Pilõezinhos,5,0,0,1,0
2020-05-08,Pitimbu,7,0,0,0,0
2020-05-08,São José de Espinharas,1,0,0,0,0
2020-05-08,Piancó,3,0,0,0,0
2020-05-08,Serra da Raiz,2,0,0,0,0
2020-05-08,Mulungu,3,0,0,0,0
2020-05-08,Alagoinha,3,0,0,2,0
2020-05-08,Mataraca,1,0,0,0,0
2020-05-08,Pirpirituba,2,0,0,0,0
2020-05-08,Nova Floresta,1,0,0,0,0
2020-05-08,Uiraúna,1,0,0,0,0
2020-05-08,Capim,1,0,0,0,0
2020-05-08,Remígio,5,0,0,1,0
2020-05-08,São Sebastião de Lagoa de Roça,3,0,0,0,0
2020-05-08,Matinhas,1,0,0,0,0
2020-05-08,Pilões,1,0,0,0,0
2020-05-08,Condado,11,0,0,9,0
2020-05-08,Juazeirinho,1,0,0,0,0
2020-05-08,Massaranduba,1,0,0,0,0
2020-05-08,Santa Luzia,1,0,0,0,0
2020-05-08,Baía da Traição,4,0,0,1,0
2020-05-08,Juripiranga,4,0,0,2,0
2020-05-08,Cuitegi,2,0,0,0,0
2020-05-08,Borborema,1,0,0,0,0
2020-05-08,Pocinhos,1,0,0,0,0
2020-05-08,Sobrado,1,0,0,0,0
2020-05-08,Riachão do Bacamarte,1,0,0,0,0
2020-05-08,São Miguel de Taipu,2,0,0,1,0
2020-05-08,Sertãozinho,2,0,0,2,0
2020-05-08,Cajazeirinhas,1,0,0,1,0
2020-05-08,Bananeiras,1,0,0,1,0
2020-05-08,Teixeira,1,0,0,1,0
2020-05-08,Santarém,1,0,0,1,0
2020-05-08,Paraíba,2030,114,490,181,3
2020-05-09,João Pessoa,1114,53,0,52,2
2020-05-09,Campina Grande,100,4,0,11,1
2020-05-09,Santa Rita,178,27,0,9,3
2020-05-09,Sousa,26,0,0,4,0
2020-05-09,Igaracy,1,0,0,0,0
2020-05-09,Patos,74,7,0,9,1
2020-05-09,Cabedelo,83,5,0,1,0
2020-05-09,Serra Branca,1,0,0,0,0
2020-05-09,Junco do Seridó,3,1,0,0,0
2020-05-09,Bayeux,64,6,0,2,1
2020-05-09,São João do Rio do Peixe,6,0,0,0,0
2020-05-09,Taperoá,16,1,0,0,0
2020-05-09,Sapé,64,1,0,4,0
2020-05-09,Pombal,2,0,0,0,0
2020-05-09,São Bento,7,2,0,1,0
2020-05-09,Riachão do Poço,1,1,0,0,0
2020-05-09,Queimadas,3,0,0,0,0
2020-05-09,Congo,2,1,0,0,1
2020-05-09,Bom Jesus,1,0,0,0,0
2020-05-09,Cajazeiras,18,1,0,0,0
2020-05-09,Cruz do Espírito Santo,17,1,0,4,0
2020-05-09,Itabaiana,7,0,0,0,0
2020-05-09,Conde,20,1,0,1,0
2020-05-09,Coremas,3,0,0,0,0
2020-05-09,Alagoa Nova,1,0,0,0,0
2020-05-09,Barra de São Miguel,1,0,0,0,0
2020-05-09,Itapororoca,4,1,0,0,0
2020-05-09,Guarabira,73,0,0,13,0
2020-05-09,Pedras de Fogo,20,1,0,2,0
2020-05-09,Itaporanga,2,0,0,0,0
2020-05-09,Alagoa Grande,6,0,0,0,0
2020-05-09,Brejo do Cruz,1,2,0,0,0
2020-05-09,Caaporã,39,0,0,6,0
2020-05-09,Coxixola,3,0,0,0,0
2020-05-09,Boqueirão,1,0,0,0,0
2020-05-09,Marizópolis,3,1,0,0,0
2020-05-09,Areia,3,0,0,0,0
2020-05-09,Gurinhém,4,0,0,0,0
2020-05-09,Esperança,4,0,0,0,0
2020-05-09,Lagoa Seca,2,1,0,0,0
2020-05-09,Mari,15,1,0,0,0
2020-05-09,Lucena,11,0,0,0,0
2020-05-09,Catingueira,1,0,0,0,0
2020-05-09,Araçagi,4,0,0,0,0
2020-05-09,São José do Bonfim,1,0,0,0,0
2020-05-09,Alhandra,24,3,0,0,0
2020-05-09,Riacho dos Cavalos,2,0,0,1,0
2020-05-09,Santa Helena,1,0,0,0,0
2020-05-09,São José de Piranhas,2,1,0,1,1
2020-05-09,Umbuzeiro,2,1,0,0,0
2020-05-09,Rio Tinto,12,0,0,0,0
2020-05-09,Princesa Isabel,3,0,0,0,0
2020-05-09,Mamanguape,6,0,0,0,0
2020-05-09,Serra Redonda,1,0,0,0,0
2020-05-09,Casserengue,1,0,0,0,0
2020-05-09,Caiçara,2,0,0,0,0
2020-05-09,Imaculada,3,0,0,0,0
2020-05-09,Monteiro,2,0,0,0,0
2020-05-09,Pilar,7,0,0,2,0
2020-05-09,Pilõezinhos,5,0,0,0,0
2020-05-09,Pitimbu,7,0,0,0,0
2020-05-09,São José de Espinharas,1,0,0,0,0
2020-05-09,Piancó,3,0,0,0,0
2020-05-09,Serra da Raiz,3,0,0,1,0
2020-05-09,Mulungu,3,0,0,0,0
2020-05-09,Alagoinha,3,0,0,0,0
2020-05-09,Mataraca,1,0,0,0,0
2020-05-09,Pirpirituba,2,0,0,0,0
2020-05-09,Nova Floresta,1,0,0,0,0
2020-05-09,Uiraúna,1,0,0,0,0
2020-05-09,Capim,1,0,0,0,0
2020-05-09,Remígio,5,0,0,0,0
2020-05-09,São Sebastião de Lagoa de Roça,3,0,0,0,0
2020-05-09,Matinhas,1,0,0,0,0
2020-05-09,Pilões,1,0,0,0,0
2020-05-09,Condado,11,0,0,0,0
2020-05-09,Juazeirinho,1,0,0,0,0
2020-05-09,Massaranduba,1,0,0,0,0
2020-05-09,Santa Luzia,1,0,0,0,0
2020-05-09,Baía da Traição,4,0,0,0,0
2020-05-09,Juripiranga,4,0,0,0,0
2020-05-09,Cuitegi,4,0,0,2,0
2020-05-09,Borborema,1,0,0,0,0
2020-05-09,Pocinhos,1,0,0,0,0
2020-05-09,Sobrado,1,0,0,0,0
2020-05-09,Riachão do Bacamarte,1,0,0,0,0
2020-05-09,São Miguel de Taipu,2,0,0,0,0
2020-05-09,Sertãozinho,2,0,0,0,0
2020-05-09,Cajazeirinhas,1,0,0,0,0
2020-05-09,Bananeiras,1,0,0,0,0
2020-05-09,Teixeira,1,0,0,0,0
2020-05-09,Santarém,1,0,0,0,0
2020-05-09,Paraíba,2156,124,490,126,10
2020-05-10,João Pessoa,1179,57,0,65,4
2020-05-10,Campina Grande,108,4,0,8,0
2020-05-10,Santa Rita,208,30,0,30,3
2020-05-10,Sousa,31,0,0,5,0
2020-05-10,Igaracy,1,0,0,0,0
2020-05-10,Patos,93,8,0,19,1
2020-05-10,Cabedelo,89,6,0,6,1
2020-05-10,Serra Branca,1,0,0,0,0
2020-05-10,Junco do Seridó,3,1,0,0,0
2020-05-10,Bayeux,68,6,0,4,0
2020-05-10,São João do Rio do Peixe,6,0,0,0,0
2020-05-10,Taperoá,18,1,0,2,0
2020-05-10,Sapé,69,2,0,5,1
2020-05-10,Pombal,2,0,0,0,0
2020-05-10,São Bento,7,2,0,0,0
2020-05-10,Riachão do Poço,1,1,0,0,0
2020-05-10,Queimadas,3,0,0,0,0
2020-05-10,Congo,2,1,0,0,0
2020-05-10,Bom Jesus,1,0,0,0,0
2020-05-10,Cajazeiras,18,1,0,0,0
2020-05-10,Cruz do Espírito Santo,21,2,0,4,1
2020-05-10,Itabaiana,7,0,0,0,0
2020-05-10,Conde,20,1,0,0,0
2020-05-10,Coremas,4,0,0,1,0
2020-05-10,Alagoa Nova,1,0,0,0,0
2020-05-10,Barra de São Miguel,1,0,0,0,0
2020-05-10,Itapororoca,5,1,0,1,0
2020-05-10,Guarabira,73,0,0,0,0
2020-05-10,Pedras de Fogo,26,1,0,6,0
2020-05-10,Itaporanga,2,0,0,0,0
2020-05-10,Alagoa Grande,6,0,0,0,0
2020-05-10,Brejo do Cruz,1,2,0,0,0
2020-05-10,Caaporã,40,0,0,1,0
2020-05-10,Coxixola,3,0,0,0,0
2020-05-10,Boqueirão,1,0,0,0,0
2020-05-10,Marizópolis,3,1,0,0,0
2020-05-10,Areia,4,0,0,1,0
2020-05-10,Gurinhém,4,0,0,0,0
2020-05-10,Esperança,4,0,0,0,0
2020-05-10,Lagoa Seca,4,1,0,2,0
2020-05-10,Mari,18,1,0,3,0
2020-05-10,Lucena,11,0,0,0,0
2020-05-10,Catingueira,1,0,0,0,0
2020-05-10,Araçagi,4,0,0,0,0
2020-05-10,São José do Bonfim,1,0,0,0,0
2020-05-10,Alhandra,24,3,0,0,0
2020-05-10,Riacho dos Cavalos,2,0,0,0,0
2020-05-10,Santa Helena,1,0,0,0,0
2020-05-10,São José de Piranhas,2,1,0,0,0
2020-05-10,Umbuzeiro,2,1,0,0,0
2020-05-10,Rio Tinto,12,0,0,0,0
2020-05-10,Princesa Isabel,3,0,0,0,0
2020-05-10,Mamanguape,6,0,0,0,0
2020-05-10,Serra Redonda,2,0,0,1,0
2020-05-10,Casserengue,1,0,0,0,0
2020-05-10,Caiçara,2,0,0,0,0
2020-05-10,Imaculada,3,0,0,0,0
2020-05-10,Monteiro,2,0,0,0,0
2020-05-10,Pilar,7,0,0,0,0
2020-05-10,Pilõezinhos,6,0,0,1,0
2020-05-10,Pitimbu,7,0,0,0,0
2020-05-10,São José de Espinharas,1,0,0,0,0
2020-05-10,Piancó,3,0,0,0,0
2020-05-10,Serra da Raiz,3,0,0,0,0
2020-05-10,Mulungu,3,0,0,0,0
2020-05-10,Alagoinha,3,0,0,0,0
2020-05-10,Mataraca,1,0,0,0,0
2020-05-10,Pirpirituba,3,0,0,1,0
2020-05-10,Nova Floresta,1,0,0,0,0
2020-05-10,Uiraúna,1,0,0,0,0
2020-05-10,Capim,1,0,0,0,0
2020-05-10,Remígio,6,0,0,1,0
2020-05-10,São Sebastião de Lagoa de Roça,3,0,0,0,0
2020-05-10,Matinhas,1,0,0,0,0
2020-05-10,Pilões,1,0,0,0,0
2020-05-10,Condado,11,0,0,0,0
2020-05-10,Juazeirinho,1,0,0,0,0
2020-05-10,Massaranduba,2,0,0,1,0
2020-05-10,Santa Luzia,1,0,0,0,0
2020-05-10,Baía da Traição,4,0,0,0,0
2020-05-10,Juripiranga,4,0,0,0,0
2020-05-10,Cuitegi,4,0,0,0,0
2020-05-10,Borborema,1,0,0,0,0
2020-05-10,Pocinhos,1,0,0,0,0
2020-05-10,Sobrado,2,0,0,1,0
2020-05-10,Riachão do Bacamarte,3,0,0,2,0
2020-05-10,São Miguel de Taipu,2,0,0,0,0
2020-05-10,Sertãozinho,2,0,0,0,0
2020-05-10,Cajazeirinhas,1,0,0,0,0
2020-05-10,Bananeiras,1,0,0,0,0
2020-05-10,Teixeira,1,0,0,0,0
2020-05-10,Santarém,1,0,0,0,0
2020-05-10,Campo de Santana,2,0,0,2,0
2020-05-10,Barra de Santana,2,0,0,2,0
2020-05-10,São José dos Ramos,2,0,0,2,0
2020-05-10,Soledade,2,0,0,2,0
2020-05-10,Ingá,1,0,0,1,0
2020-05-10,Gado Bravo,1,0,0,1,0
2020-05-10,Puxinanã,1,0,0,1,0
2020-05-10,Aroeiras,1,0,0,1,0
2020-05-10,Paraíba,2341,135,537,185,11
2020-05-11,João Pessoa,1230,58,0,51,1
2020-05-11,Campina Grande,125,4,0,17,0
2020-05-11,Santa Rita,217,30,0,9,0
2020-05-11,Sousa,31,1,0,0,1
2020-05-11,Igaracy,1,0,0,0,0
2020-05-11,Patos,109,9,0,16,1
2020-05-11,Cabedelo,98,6,0,9,0
2020-05-11,Serra Branca,1,0,0,0,0
2020-05-11,Junco do Seridó,3,1,0,0,0
2020-05-11,Bayeux,69,6,0,1,0
2020-05-11,São João do Rio do Peixe,6,0,0,0,0
2020-05-11,Taperoá,19,1,0,1,0
2020-05-11,Sapé,69,2,0,0,0
2020-05-11,Pombal,2,0,0,0,0
2020-05-11,São Bento,8,2,0,1,0
2020-05-11,Riachão do Poço,1,1,0,0,0
2020-05-11,Queimadas,6,0,0,3,0
2020-05-11,Congo,3,1,0,1,0
2020-05-11,Bom Jesus,1,0,0,0,0
2020-05-11,Cajazeiras,19,1,0,1,0
2020-05-11,Cruz do Espírito Santo,21,2,0,0,0
2020-05-11,Itabaiana,8,0,0,1,0
2020-05-11,Conde,21,1,0,1,0
2020-05-11,Coremas,4,0,0,0,0
2020-05-11,Alagoa Nova,1,0,0,0,0
2020-05-11,Barra de São Miguel,1,0,0,0,0
2020-05-11,Itapororoca,5,1,0,0,0
2020-05-11,Guarabira,89,0,0,16,0
2020-05-11,Pedras de Fogo,26,1,0,0,0
2020-05-11,Itaporanga,2,0,0,0,0
2020-05-11,Alagoa Grande,6,0,0,0,0
2020-05-11,Brejo do Cruz,1,2,0,0,0
2020-05-11,Caaporã,54,0,0,14,0
2020-05-11,Coxixola,3,0,0,0,0
2020-05-11,Boqueirão,1,0,0,0,0
2020-05-11,Marizópolis,3,1,0,0,0
2020-05-11,Areia,4,0,0,0,0
2020-05-11,Gurinhém,4,0,0,0,0
2020-05-11,Esperança,4,0,0,0,0
2020-05-11,Lagoa Seca,4,1,0,0,0
2020-05-11,Mari,26,2,0,8,1
2020-05-11,Lucena,12,0,0,1,0
2020-05-11,Catingueira,1,0,0,0,0
2020-05-11,Araçagi,4,0,0,0,0
2020-05-11,São José do Bonfim,1,0,0,0,0
2020-05-11,Alhandra,32,3,0,8,0
2020-05-11,Riacho dos Cavalos,2,0,0,0,0
2020-05-11,Santa Helena,1,0,0,0,0
2020-05-11,São José de Piranhas,2,1,0,0,0
2020-05-11,Umbuzeiro,2,1,0,0,0
2020-05-11,Rio Tinto,13,0,0,1,0
2020-05-11,Princesa Isabel,3,0,0,0,0
2020-05-11,Mamanguape,7,0,0,1,0
2020-05-11,Serra Redonda,2,0,0,0,0
2020-05-11,Casserengue,1,0,0,0,0
2020-05-11,Caiçara,2,0,0,0,0
2020-05-11,Imaculada,3,0,0,0,0
2020-05-11,Monteiro,2,0,0,0,0
2020-05-11,Pilar,7,0,0,0,0
2020-05-11,Pilõezinhos,6,0,0,0,0
2020-05-11,Pitimbu,7,0,0,0,0
2020-05-11,São José de Espinharas,1,0,0,0,0
2020-05-11,Piancó,4,0,0,1,0
2020-05-11,Serra da Raiz,3,0,0,0,0
2020-05-11,Mulungu,3,0,0,0,0
2020-05-11,Alagoinha,5,0,0,2,0
2020-05-11,Mataraca,1,0,0,0,0
2020-05-11,Pirpirituba,5,0,0,2,0
2020-05-11,Nova Floresta,1,0,0,0,0
2020-05-11,Uiraúna,1,0,0,0,0
2020-05-11,Capim,4,0,0,3,0
2020-05-11,Remígio,6,0,0,0,0
2020-05-11,São Sebastião de Lagoa de Roça,3,0,0,0,0
2020-05-11,Matinhas,1,0,0,0,0
2020-05-11,Pilões,1,0,0,0,0
2020-05-11,Condado,11,0,0,0,0
2020-05-11,Juazeirinho,5,0,0,4,0
2020-05-11,Massaranduba,2,0,0,0,0
2020-05-11,Santa Luzia,1,0,0,0,0
2020-05-11,Baía da Traição,4,0,0,0,0
2020-05-11,Juripiranga,4,0,0,0,0
2020-05-11,Cuitegi,4,0,0,0,0
2020-05-11,Borborema,1,0,0,0,0
2020-05-11,Pocinhos,1,0,0,0,0
2020-05-11,Sobrado,2,0,0,0,0
2020-05-11,Riachão do Bacamarte,3,0,0,0,0
2020-05-11,São Miguel de Taipu,2,0,0,0,0
2020-05-11,Sertãozinho,2,0,0,0,0
2020-05-11,Cajazeirinhas,1,0,0,0,0
2020-05-11,Bananeiras,1,0,0,0,0
2020-05-11,Teixeira,1,0,0,0,0
2020-05-11,Santarém,1,0,0,0,0
2020-05-11,Campo de Santana,2,0,0,0,0
2020-05-11,Barra de Santana,2,0,0,0,0
2020-05-11,São José dos Ramos,2,0,0,0,0
2020-05-11,Soledade,2,0,0,0,0
2020-05-11,Ingá,1,0,0,0,0
2020-05-11,Gado Bravo,1,0,0,0,0
2020-05-11,Puxinanã,1,0,0,0,0
2020-05-11,Aroeiras,2,0,0,1,0
2020-05-11,São José do Sabugi,3,0,0,3,0
2020-05-11,Duas Estradas,1,0,0,1,0
2020-05-11,Lagoa de Dentro,1,0,0,1,0
2020-05-11,Malta,1,0,0,1,0
2020-05-11,Santa Teresinha,1,0,0,1,0
2020-05-11,Juarez Távora,1,0,0,1,0
2020-05-11,Natuba,1,0,0,1,0
2020-05-11,Cuité de Mamanguape,1,0,0,1,0
2020-05-11,Maturéia,1,0,0,1,0
2020-05-11,Paraíba,2525,139,537,184,4
2020-05-12,João Pessoa,1316,61,0,86,3
2020-05-12,Campina Grande,134,5,0,9,1
2020-05-12,Santa Rita,223,33,0,6,3
2020-05-12,Sousa,42,1,0,11,0
2020-05-12,Igaracy,1,0,0,0,0
2020-05-12,Patos,128,9,0,19,0
2020-05-12,Cabedelo,113,6,0,15,0
2020-05-12,Serra Branca,1,0,0,0,0
2020-05-12,Junco do Seridó,3,1,0,0,0
2020-05-12,Bayeux,70,8,0,1,2
2020-05-12,São João do Rio do Peixe,6,0,0,0,0
2020-05-12,Taperoá,19,1,0,0,0
2020-05-12,Sapé,89,4,0,20,2
2020-05-12,Pombal,2,0,0,0,0
2020-05-12,São Bento,8,2,0,0,0
2020-05-12,Riachão do Poço,1,1,0,0,0
2020-05-12,Queimadas,6,0,0,0,0
2020-05-12,Congo,3,1,0,0,0
2020-05-12,Bom Jesus,1,0,0,0,0
2020-05-12,Cajazeiras,22,1,0,3,0
2020-05-12,Cruz do Espírito Santo,22,2,0,1,0
2020-05-12,Itabaiana,10,0,0,2,0
2020-05-12,Conde,22,1,0,1,0
2020-05-12,Coremas,5,0,0,1,0
2020-05-12,Alagoa Nova,1,0,0,0,0
2020-05-12,Barra de São Miguel,1,0,0,0,0
2020-05-12,Itapororoca,5,1,0,0,0
2020-05-12,Guarabira,103,0,0,14,0
2020-05-12,Pedras de Fogo,33,1,0,7,0
2020-05-12,Itaporanga,2,0,0,0,0
2020-05-12,Alagoa Grande,6,0,0,0,0
2020-05-12,Brejo do Cruz,1,2,0,0,0
2020-05-12,Caaporã,54,0,0,0,0
2020-05-12,Coxixola,3,0,0,0,0
2020-05-12,Boqueirão,2,0,0,1,0
2020-05-12,Marizópolis,3,1,0,0,0
2020-05-12,Areia,5,0,0,1,0
2020-05-12,Gurinhém,4,0,0,0,0
2020-05-12,Esperança,4,0,0,0,0
2020-05-12,Lagoa Seca,8,1,0,4,0
2020-05-12,Mari,26,2,0,0,0
2020-05-12,Lucena,12,0,0,0,0
2020-05-12,Catingueira,1,0,0,0,0
2020-05-12,Araçagi,5,0,0,1,0
2020-05-12,São José do Bonfim,1,0,0,0,0
2020-05-12,Alhandra,34,3,0,2,0
2020-05-12,Riacho dos Cavalos,2,0,0,0,0
2020-05-12,Santa Helena,1,0,0,0,0
2020-05-12,São José de Piranhas,2,1,0,0,0
2020-05-12,Umbuzeiro,4,1,0,2,0
2020-05-12,Rio Tinto,13,0,0,0,0
2020-05-12,Princesa Isabel,3,0,0,0,0
2020-05-12,Mamanguape,10,0,0,3,0
2020-05-12,Serra Redonda,2,0,0,0,0
2020-05-12,Casserengue,1,0,0,0,0
2020-05-12,Caiçara,5,0,0,3,0
2020-05-12,Imaculada,3,0,0,0,0
2020-05-12,Monteiro,5,0,0,3,0
2020-05-12,Pilar,7,0,0,0,0
2020-05-12,Pilõezinhos,6,0,0,0,0
2020-05-12,Pitimbu,7,0,0,0,0
2020-05-12,São José de Espinharas,1,0,0,0,0
2020-05-12,Piancó,5,1,0,1,1
2020-05-12,Serra da Raiz,3,0,0,0,0
2020-05-12,Mulungu,3,0,0,0,0
2020-05-12,Alagoinha,5,0,0,0,0
2020-05-12,Mataraca,1,0,0,0,0
2020-05-12,Pirpirituba,6,0,0,1,0
2020-05-12,Nova Floresta,1,0,0,0,0
2020-05-12,Uiraúna,1,0,0,0,0
2020-05-12,Capim,4,0,0,0,0
2020-05-12,Remígio,9,0,0,3,0
2020-05-12,São Sebastião de Lagoa de Roça,5,1,0,2,1
2020-05-12,Matinhas,1,0,0,0,0
2020-05-12,Pilões,1,0,0,0,0
2020-05-12,Condado,14,0,0,3,0
2020-05-12,Juazeirinho,5,0,0,0,0
2020-05-12,Massaranduba,4,0,0,2,0
2020-05-12,Santa Luzia,1,0,0,0,0
2020-05-12,Baía da Traição,4,0,0,0,0
2020-05-12,Juripiranga,8,0,0,4,0
2020-05-12,Cuitegi,5,0,0,1,0
2020-05-12,Borborema,1,0,0,0,0
2020-05-12,Pocinhos,1,0,0,0,0
2020-05-12,Sobrado,2,1,0,0,1
2020-05-12,Riachão do Bacamarte,3,0,0,0,0
2020-05-12,São Miguel de Taipu,2,0,0,0,0
2020-05-12,Sertãozinho,2,0,0,0,0
2020-05-12,Cajazeirinhas,1,0,0,0,0
2020-05-12,Bananeiras,3,0,0,2,0
2020-05-12,Teixeira,1,0,0,0,0
2020-05-12,Santarém,1,0,0,0,0
2020-05-12,Campo de Santana,2,0,0,0,0
2020-05-12,Barra de Santana,2,0,0,0,0
2020-05-12,São José dos Ramos,2,0,0,0,0
2020-05-12,Soledade,2,0,0,0,0
2020-05-12,Ingá,1,0,0,0,0
2020-05-12,Gado Bravo,2,0,0,1,0
2020-05-12,Puxinanã,1,0,0,0,0
2020-05-12,Aroeiras,2,0,0,0,0
2020-05-12,São José do Sabugi,3,0,0,0,0
2020-05-12,Duas Estradas,1,0,0,0,0
2020-05-12,Lagoa de Dentro,2,0,0,1,0
2020-05-12,Malta,1,0,0,0,0
2020-05-12,Santa Teresinha,1,0,0,0,0
2020-05-12,Juarez Távora,1,0,0,0,0
2020-05-12,Natuba,1,0,0,0,0
2020-05-12,Cuité de Mamanguape,1,0,0,0,0
2020-05-12,Maturéia,1,0,0,0,0
2020-05-12,Itatuba,2,0,0,2,0
2020-05-12,Belém,1,0,0,1,0
2020-05-12,Mogeiro,1,1,0,1,1
2020-05-12,Cuité,1,0,0,1,0
2020-05-12,Paraíba,2777,154,601,252,15
2020-05-13,João Pessoa,1368,62,0,52,1
2020-05-13,Campina Grande,155,5,0,21,0
2020-05-13,Santa Rita,250,35,0,27,2
2020-05-13,Sousa,47,1,0,5,0
2020-05-13,Igaracy,1,0,0,0,0
2020-05-13,Patos,138,9,0,10,0
2020-05-13,Cabedelo,140,6,0,27,0
2020-05-13,Serra Branca,1,0,0,0,0
2020-05-13,Junco do Seridó,3,1,0,0,0
2020-05-13,Bayeux,74,8,0,4,0
2020-05-13,São João do Rio do Peixe,6,0,0,0,0
2020-05-13,Taperoá,19,1,0,0,0
2020-05-13,Sapé,95,4,0,6,0
2020-05-13,Pombal,3,0,0,1,0
2020-05-13,São Bento,10,2,0,2,0
2020-05-13,Riachão do Poço,1,1,0,0,0
2020-05-13,Queimadas,6,0,0,0,0
2020-05-13,Congo,3,1,0,0,0
2020-05-13,Bom Jesus,1,0,0,0,0
2020-05-13,Cajazeiras,24,1,0,2,0
2020-05-13,Cruz do Espírito Santo,25,2,0,3,0
2020-05-13,Itabaiana,13,0,0,3,0
2020-05-13,Conde,24,1,0,2,0
2020-05-13,Coremas,5,0,0,0,0
2020-05-13,Alagoa Nova,1,0,0,0,0
2020-05-13,Barra de São Miguel,1,0,0,0,0
2020-05-13,Itapororoca,5,1,0,0,0
2020-05-13,Guarabira,106,0,0,3,0
2020-05-13,Pedras de Fogo,38,1,0,5,0
2020-05-13,Itaporanga,2,0,0,0,0
2020-05-13,Alagoa Grande,7,0,0,1,0
2020-05-13,Brejo do Cruz,1,2,0,0,0
2020-05-13,Caaporã,75,0,0,21,0
2020-05-13,Coxixola,3,0,0,0,0
2020-05-13,Boqueirão,2,0,0,0,0
2020-05-13,Marizópolis,3,1,0,0,0
2020-05-13,Areia,6,0,0,1,0
2020-05-13,Gurinhém,6,0,0,2,0
2020-05-13,Esperança,6,0,0,2,0
2020-05-13,Lagoa Seca,8,1,0,0,0
2020-05-13,Mari,40,2,0,14,0
2020-05-13,Lucena,18,0,0,6,0
2020-05-13,Catingueira,1,0,0,0,0
2020-05-13,Araçagi,5,0,0,0,0
2020-05-13,São José do Bonfim,2,0,0,1,0
2020-05-13,Alhandra,46,3,0,12,0
2020-05-13,Riacho dos Cavalos,2,0,0,0,0
2020-05-13,Santa Helena,1,0,0,0,0
2020-05-13,São José de Piranhas,2,1,0,0,0
2020-05-13,Umbuzeiro,5,1,0,1,0
2020-05-13,Rio Tinto,14,0,0,1,0
2020-05-13,Princesa Isabel,3,0,0,0,0
2020-05-13,Mamanguape,12,0,0,2,0
2020-05-13,Serra Redonda,2,0,0,0,0
2020-05-13,Casserengue,1,0,0,0,0
2020-05-13,Caiçara,5,0,0,0,0
2020-05-13,Imaculada,3,0,0,0,0
2020-05-13,Monteiro,7,0,0,2,0
2020-05-13,Pilar,12,0,0,5,0
2020-05-13,Pilõezinhos,7,0,0,1,0
2020-05-13,Pitimbu,12,0,0,5,0
2020-05-13,São José de Espinharas,1,0,0,0,0
2020-05-13,Piancó,5,1,0,0,0
2020-05-13,Serra da Raiz,3,0,0,0,0
2020-05-13,Mulungu,3,0,0,0,0
2020-05-13,Alagoinha,5,0,0,0,0
2020-05-13,Mataraca,1,0,0,0,0
2020-05-13,Pirpirituba,6,0,0,0,0
2020-05-13,Nova Floresta,1,0,0,0,0
2020-05-13,Uiraúna,2,0,0,1,0
2020-05-13,Capim,4,0,0,0,0
2020-05-13,Remígio,10,0,0,1,0
2020-05-13,São Sebastião de Lagoa de Roça,5,1,0,0,0
2020-05-13,Matinhas,1,0,0,0,0
2020-05-13,Pilões,1,0,0,0,0
2020-05-13,Condado,14,0,0,0,0
2020-05-13,Juazeirinho,5,0,0,0,0
2020-05-13,Massaranduba,4,0,0,0,0
2020-05-13,Santa Luzia,4,0,0,3,0
2020-05-13,Baía da Traição,7,0,0,3,0
2020-05-13,Juripiranga,11,0,0,3,0
2020-05-13,Cuitegi,5,0,0,0,0
2020-05-13,Borborema,1,0,0,0,0
2020-05-13,Pocinhos,1,0,0,0,0
2020-05-13,Sobrado,3,1,0,1,0
2020-05-13,Riachão do Bacamarte,3,0,0,0,0
2020-05-13,São Miguel de Taipu,2,0,0,0,0
2020-05-13,Sertãozinho,2,0,0,0,0
2020-05-13,Cajazeirinhas,1,0,0,0,0
2020-05-13,Bananeiras,3,0,0,0,0
2020-05-13,Teixeira,1,0,0,0,0
2020-05-13,Santarém,1,0,0,0,0
2020-05-13,Campo de Santana,2,0,0,0,0
2020-05-13,Barra de Santana,2,0,0,0,0
2020-05-13,São José dos Ramos,2,0,0,0,0
2020-05-13,Soledade,2,0,0,0,0
2020-05-13,Ingá,1,0,0,0,0
2020-05-13,Gado Bravo,2,0,0,0,0
2020-05-13,Puxinanã,1,0,0,0,0
2020-05-13,Aroeiras,5,0,0,3,0
2020-05-13,São José do Sabugi,3,0,0,0,0
2020-05-13,Duas Estradas,1,0,0,0,0
2020-05-13,Lagoa de Dentro,2,0,0,0,0
2020-05-13,Malta,2,0,0,1,0
2020-05-13,Santa Teresinha,1,0,0,0,0
2020-05-13,Juarez Távora,1,0,0,0,0
2020-05-13,Natuba,1,0,0,0,0
2020-05-13,Cuité de Mamanguape,1,0,0,0,0
2020-05-13,Maturéia,1,0,0,0,0
2020-05-13,Itatuba,2,0,0,0,0
2020-05-13,Belém,4,0,0,3,0
2020-05-13,Mogeiro,1,1,0,0,0
2020-05-13,Cuité,1,0,0,0,0
2020-05-13,Solânea,3,0,0,3,0
2020-05-13,Quixabá,1,0,0,1,0
2020-05-13,Nova Olinda,1,0,0,1,0
2020-05-13,Serraria,1,0,0,1,0
2020-05-13,Vista Serrana,1,0,0,1,0
2020-05-13,Areial,1,0,0,1,0
2020-05-13,Picuí,1,0,0,1,0
2020-05-13,Paraíba,3045,157,630,268,3
2020-05-14,João Pessoa,1451,63,0,83,1
2020-05-14,Campina Grande,160,5,0,5,0
2020-05-14,Santa Rita,271,36,0,21,1
2020-05-14,Sousa,53,1,0,6,0
2020-05-14,Igaracy,1,0,0,0,0
2020-05-14,Patos,174,9,0,36,0
2020-05-14,Cabedelo,164,6,0,24,0
2020-05-14,Serra Branca,2,0,0,1,0
2020-05-14,Junco do Seridó,3,1,0,0,0
2020-05-14,Bayeux,76,8,0,2,0
2020-05-14,São João do Rio do Peixe,6,0,0,0,0
2020-05-14,Taperoá,19,1,0,0,0
2020-05-14,Sapé,97,4,0,2,0
2020-05-14,Pombal,6,0,0,3,0
2020-05-14,São Bento,10,2,0,0,0
2020-05-14,Riachão do Poço,1,1,0,0,0
2020-05-14,Queimadas,6,0,0,0,0
2020-05-14,Congo,10,1,0,7,0
2020-05-14,Bom Jesus,1,0,0,0,0
2020-05-14,Cajazeiras,27,1,0,3,0
2020-05-14,Cruz do Espírito Santo,25,2,0,0,0
2020-05-14,Itabaiana,16,0,0,3,0
2020-05-14,Conde,26,1,0,2,0
2020-05-14,Coremas,8,0,0,3,0
2020-05-14,Alagoa Nova,2,0,0,1,0
2020-05-14,Barra de São Miguel,1,0,0,0,0
2020-05-14,Itapororoca,12,1,0,7,0
2020-05-14,Guarabira,120,0,0,14,0
2020-05-14,Pedras de Fogo,38,1,0,0,0
2020-05-14,Itaporanga,2,0,0,0,0
2020-05-14,Alagoa Grande,10,0,0,3,0
2020-05-14,Brejo do Cruz,1,2,0,0,0
2020-05-14,Caaporã,85,1,0,10,1
2020-05-14,Coxixola,3,0,0,0,0
2020-05-14,Boqueirão,2,0,0,0,0
2020-05-14,Marizópolis,4,1,0,1,0
2020-05-14,Areia,8,0,0,2,0
2020-05-14,Gurinhém,6,0,0,0,0
2020-05-14,Esperança,6,0,0,0,0
2020-05-14,Lagoa Seca,8,1,0,0,0
2020-05-14,Mari,42,2,0,2,0
2020-05-14,Lucena,23,0,0,5,0
2020-05-14,Catingueira,1,0,0,0,0
2020-05-14,Araçagi,6,0,0,1,0
2020-05-14,São José do Bonfim,2,0,0,0,0
2020-05-14,Alhandra,50,3,0,4,0
2020-05-14,Riacho dos Cavalos,2,0,0,0,0
2020-05-14,Santa Helena,1,0,0,0,0
2020-05-14,São José de Piranhas,2,1,0,0,0
2020-05-14,Umbuzeiro,7,1,0,2,0
2020-05-14,Rio Tinto,15,0,0,1,0
2020-05-14,Princesa Isabel,3,0,0,0,0
2020-05-14,Mamanguape,13,0,0,1,0
2020-05-14,Serra Redonda,2,0,0,0,0
2020-05-14,Casserengue,1,0,0,0,0
2020-05-14,Caiçara,7,0,0,2,0
2020-05-14,Imaculada,3,0,0,0,0
2020-05-14,Monteiro,9,0,0,2,0
2020-05-14,Pilar,14,0,0,2,0
2020-05-14,Pilõezinhos,7,0,0,0,0
2020-05-14,Pitimbu,16,0,0,4,0
2020-05-14,São José de Espinharas,2,0,0,1,0
2020-05-14,Piancó,5,1,0,0,0
2020-05-14,Serra da Raiz,4,0,0,1,0
2020-05-14,Mulungu,3,0,0,0,0
2020-05-14,Alagoinha,11,0,0,6,0
2020-05-14,Mataraca,1,0,0,0,0
2020-05-14,Pirpirituba,6,0,0,0,0
2020-05-14,Nova Floresta,1,0,0,0,0
2020-05-14,Uiraúna,2,0,0,0,0
2020-05-14,Capim,4,0,0,0,0
2020-05-14,Remígio,11,0,0,1,0
2020-05-14,São Sebastião de Lagoa de Roça,7,1,0,2,0
2020-05-14,Matinhas,1,0,0,0,0
2020-05-14,Pilões,1,0,0,0,0
2020-05-14,Condado,14,0,0,0,0
2020-05-14,Juazeirinho,15,0,0,10,0
2020-05-14,Massaranduba,4,0,0,0,0
2020-05-14,Santa Luzia,4,0,0,0,0
2020-05-14,Baía da Traição,7,0,0,0,0
2020-05-14,Juripiranga,14,0,0,3,0
2020-05-14,Cuitegi,5,0,0,0,0
2020-05-14,Borborema,1,0,0,0,0
2020-05-14,Pocinhos,1,0,0,0,0
2020-05-14,Sobrado,3,1,0,0,0
2020-05-14,Riachão do Bacamarte,5,0,0,2,0
2020-05-14,São Miguel de Taipu,6,0,0,4,0
2020-05-14,Sertãozinho,2,0,0,0,0
2020-05-14,Cajazeirinhas,1,0,0,0,0
2020-05-14,Bananeiras,8,0,0,5,0
2020-05-14,Teixeira,1,0,0,0,0
2020-05-14,Santarém,1,0,0,0,0
2020-05-14,Campo de Santana,2,0,0,0,0
2020-05-14,Barra de Santana,4,0,0,2,0
2020-05-14,São José dos Ramos,2,0,0,0,0
2020-05-14,Soledade,2,0,0,0,0
2020-05-14,Ingá,1,0,0,0,0
2020-05-14,Gado Bravo,2,0,0,0,0
2020-05-14,Puxinanã,1,0,0,0,0
2020-05-14,Aroeiras,5,0,0,0,0
2020-05-14,São José do Sabugi,4,0,0,1,0
2020-05-14,Duas Estradas,1,0,0,0,0
2020-05-14,Lagoa de Dentro,2,0,0,0,0
2020-05-14,Malta,2,0,0,0,0
2020-05-14,Santa Teresinha,1,0,0,0,0
2020-05-14,Juarez Távora,1,0,0,0,0
2020-05-14,Natuba,1,0,0,0,0
2020-05-14,Cuité de Mamanguape,1,0,0,0,0
2020-05-14,Maturéia,1,0,0,0,0
2020-05-14,Itatuba,4,0,0,2,0
2020-05-14,Belém,4,0,0,0,0
2020-05-14,Mogeiro,1,1,0,0,0
2020-05-14,Cuité,1,0,0,0,0
2020-05-14,Solânea,7,0,0,4,0
2020-05-14,Quixabá,1,0,0,0,0
2020-05-14,Nova Olinda,1,0,0,0,0
2020-05-14,Serraria,1,0,0,0,0
2020-05-14,Vista Serrana,1,0,0,0,0
2020-05-14,Areial,1,0,0,0,0
2020-05-14,Picuí,1,0,0,0,0
2020-05-14,Jacaraú,2,0,0,2,0
2020-05-14,Salgado de São Félix,2,0,0,2,0
2020-05-14,Conceição,1,0,0,1,0
2020-05-14,Curral de Cima,1,0,0,1,0
2020-05-14,Olho d'Água,1,0,0,1,0
2020-05-14,Paraíba,3361,160,731,316,3
2020-05-15,João Pessoa,1478,67,0,27,4
2020-05-15,Campina Grande,261,5,0,101,0
2020-05-15,Santa Rita,288,37,0,17,1
2020-05-15,Sousa,63,1,0,10,0
2020-05-15,Igaracy,1,0,0,0,0
2020-05-15,Patos,219,9,0,45,0
2020-05-15,Cabedelo,189,6,0,25,0
2020-05-15,Serra Branca,2,0,0,0,0
2020-05-15,Junco do Seridó,3,1,0,0,0
2020-05-15,Bayeux,83,8,0,7,0
2020-05-15,São João do Rio do Peixe,6,0,0,0,0
2020-05-15,Taperoá,19,1,0,0,0
2020-05-15,Sapé,105,4,0,8,0
2020-05-15,Pombal,6,0,0,0,0
2020-05-15,São Bento,11,2,0,1,0
2020-05-15,Riachão do Poço,1,1,0,0,0
2020-05-15,Queimadas,17,0,0,11,0
2020-05-15,Congo,10,1,0,0,0
2020-05-15,Bom Jesus,1,0,0,0,0
2020-05-15,Cajazeiras,29,1,0,2,0
2020-05-15,Cruz do Espírito Santo,34,3,0,9,1
2020-05-15,Itabaiana,22,0,0,6,0
2020-05-15,Conde,32,1,0,6,0
2020-05-15,Coremas,8,0,0,0,0
2020-05-15,Alagoa Nova,2,0,0,0,0
2020-05-15,Barra de São Miguel,1,0,0,0,0
2020-05-15,Itapororoca,18,1,0,6,0
2020-05-15,Guarabira,131,0,0,11,0
2020-05-15,Pedras de Fogo,38,2,0,0,1
2020-05-15,Itaporanga,2,0,0,0,0
2020-05-15,Alagoa Grande,19,0,0,9,0
2020-05-15,Brejo do Cruz,1,2,0,0,0
2020-05-15,Caaporã,104,1,0,19,0
2020-05-15,Coxixola,3,0,0,0,0
2020-05-15,Boqueirão,2,0,0,0,0
2020-05-15,Marizópolis,4,1,0,0,0
2020-05-15,Areia,13,0,0,5,0
2020-05-15,Gurinhém,7,0,0,1,0
2020-05-15,Esperança,9,0,0,3,0
2020-05-15,Lagoa Seca,8,1,0,0,0
2020-05-15,Mari,42,2,0,0,0
2020-05-15,Lucena,24,0,0,1,0
2020-05-15,Catingueira,1,0,0,0,0
2020-05-15,Araçagi,6,0,0,0,0
2020-05-15,São José do Bonfim,2,0,0,0,0
2020-05-15,Alhandra,50,3,0,0,0
2020-05-15,Riacho dos Cavalos,2,0,0,0,0
2020-05-15,Santa Helena,1,0,0,0,0
2020-05-15,São José de Piranhas,3,1,0,1,0
2020-05-15,Umbuzeiro,7,1,0,0,0
2020-05-15,Rio Tinto,15,0,0,0,0
2020-05-15,Princesa Isabel,3,0,0,0,0
2020-05-15,Mamanguape,15,0,0,2,0
2020-05-15,Serra Redonda,2,0,0,0,0
2020-05-15,Casserengue,1,0,0,0,0
2020-05-15,Caiçara,8,0,0,1,0
2020-05-15,Imaculada,4,0,0,1,0
2020-05-15,Monteiro,11,0,0,2,0
2020-05-15,Pilar,15,0,0,1,0
2020-05-15,Pilõezinhos,9,0,0,2,0
2020-05-15,Pitimbu,19,0,0,3,0
2020-05-15,São José de Espinharas,2,0,0,0,0
2020-05-15,Piancó,5,1,0,0,0
2020-05-15,Serra da Raiz,4,0,0,0,0
2020-05-15,Mulungu,3,0,0,0,0
2020-05-15,Alagoinha,14,0,0,3,0
2020-05-15,Mataraca,1,0,0,0,0
2020-05-15,Pirpirituba,6,0,0,0,0
2020-05-15,Nova Floresta,1,0,0,0,0
2020-05-15,Uiraúna,2,0,0,0,0
2020-05-15,Capim,7,0,0,3,0
2020-05-15,Remígio,15,0,0,4,0
2020-05-15,São Sebastião de Lagoa de Roça,7,2,0,0,1
2020-05-15,Matinhas,1,0,0,0,0
2020-05-15,Pilões,1,0,0,0,0
2020-05-15,Condado,20,0,0,6,0
2020-05-15,Juazeirinho,15,0,0,0,0
2020-05-15,Massaranduba,4,0,0,0,0
2020-05-15,Santa Luzia,4,0,0,0,0
2020-05-15,Baía da Traição,8,0,0,1,0
2020-05-15,Juripiranga,17,0,0,3,0
2020-05-15,Cuitegi,5,1,0,0,1
2020-05-15,Borborema,1,0,0,0,0
2020-05-15,Pocinhos,1,0,0,0,0
2020-05-15,Sobrado,4,1,0,1,0
2020-05-15,Riachão do Bacamarte,5,0,0,0,0
2020-05-15,São Miguel de Taipu,7,0,0,1,0
2020-05-15,Sertãozinho,2,0,0,0,0
2020-05-15,Cajazeirinhas,1,0,0,0,0
2020-05-15,Bananeiras,8,0,0,0,0
2020-05-15,Teixeira,1,0,0,0,0
2020-05-15,Santarém,1,0,0,0,0
2020-05-15,Campo de Santana,2,0,0,0,0
2020-05-15,Barra de Santana,4,0,0,0,0
2020-05-15,São José dos Ramos,4,0,0,2,0
2020-05-15,Soledade,2,0,0,0,0
2020-05-15,Ingá,1,0,0,0,0
2020-05-15,Gado Bravo,2,0,0,0,0
2020-05-15,Puxinanã,1,0,0,0,0
2020-05-15,Aroeiras,5,0,0,0,0
2020-05-15,São José do Sabugi,4,0,0,0,0
2020-05-15,Duas Estradas,1,0,0,0,0
2020-05-15,Lagoa de Dentro,2,0,0,0,0
2020-05-15,Malta,4,0,0,2,0
2020-05-15,Santa Teresinha,1,0,0,0,0
2020-05-15,Juarez Távora,1,0,0,0,0
2020-05-15,Natuba,1,0,0,0,0
2020-05-15,Cuité de Mamanguape,1,0,0,0,0
2020-05-15,Maturéia,1,0,0,0,0
2020-05-15,Itatuba,4,1,0,0,1
2020-05-15,Belém,7,0,0,3,0
2020-05-15,Mogeiro,1,1,0,0,0
2020-05-15,Cuité,1,0,0,0,0
2020-05-15,Solânea,8,0,0,1,0
2020-05-15,Quixabá,1,0,0,0,0
2020-05-15,Nova Olinda,1,0,0,0,0
2020-05-15,Serraria,1,0,0,0,0
2020-05-15,Vista Serrana,1,0,0,0,0
2020-05-15,Areial,1,0,0,0,0
2020-05-15,Picuí,1,0,0,0,0
2020-05-15,Jacaraú,2,0,0,0,0
2020-05-15,Salgado de São Félix,4,0,0,2,0
2020-05-15,Conceição,1,0,0,0,0
2020-05-15,Curral de Cima,1,0,0,0,0
2020-05-15,Olho d'Água,1,0,0,0,0
2020-05-15,Amparo,1,0,0,1,0
2020-05-15,Seridó,1,0,0,1,0
2020-05-15,Arara,1,0,0,1,0
2020-05-15,Paraíba,3739,170,1069,378,10
